0,ЕГРЮЛ,Level 0 
1,ЕГРЮЛ,СвЮЛ,Level 1 
2,ЕГРЮЛ,СвЮЛ,@ДатаВып,Level 2 
3,ЕГРЮЛ,СвЮЛ,@ОГРН,Level 2 
4,ЕГРЮЛ,СвЮЛ,@ДатаОГРН,Level 2 
5,ЕГРЮЛ,СвЮЛ,@ИНН,Level 2 
6,ЕГРЮЛ,СвЮЛ,@КПП,Level 2 
7,ЕГРЮЛ,СвЮЛ,@СпрОПФ,Level 2 
8,ЕГРЮЛ,СвЮЛ,@КодОПФ,Level 2 
9,ЕГРЮЛ,СвЮЛ,@ПолнНаимОПФ,Level 2 
10,ЕГРЮЛ,СвЮЛ,СвНаимЮЛ,Level 2 
11,ЕГРЮЛ,СвЮЛ,СвНаимЮЛ,@НаимЮЛПолн,Level 3 
12,ЕГРЮЛ,СвЮЛ,СвНаимЮЛ,ГРНДата,Level 3 
13,ЕГРЮЛ,СвЮЛ,СвНаимЮЛ,ГРНДата,@ГРН,Level 4 
14,ЕГРЮЛ,СвЮЛ,СвНаимЮЛ,ГРНДата,@ДатаЗаписи,Level 4 
15,ЕГРЮЛ,СвЮЛ,СвНаимЮЛ,СвНаимЮЛСокр,Level 3 
16,ЕГРЮЛ,СвЮЛ,СвНаимЮЛ,СвНаимЮЛСокр,@НаимСокр,Level 4 
17,ЕГРЮЛ,СвЮЛ,СвНаимЮЛ,СвНаимЮЛСокр,ГРНДата,Level 4 
18,ЕГРЮЛ,СвЮЛ,СвНаимЮЛ,СвНаимЮЛСокр,ГРНДата,@ГРН,Level 5 
19,ЕГРЮЛ,СвЮЛ,СвНаимЮЛ,СвНаимЮЛСокр,ГРНДата,@ДатаЗаписи,Level 5 
20,ЕГРЮЛ,СвЮЛ,СвАдресЮЛ,Level 2 
21,ЕГРЮЛ,СвЮЛ,СвАдресЮЛ,@ВидАдрКлассиф,Level 3 
22,ЕГРЮЛ,СвЮЛ,СвАдресЮЛ,АдресРФ,Level 3 
23,ЕГРЮЛ,СвЮЛ,СвАдресЮЛ,АдресРФ,@Индекс,Level 4 
24,ЕГРЮЛ,СвЮЛ,СвАдресЮЛ,АдресРФ,@КодРегион,Level 4 
25,ЕГРЮЛ,СвЮЛ,СвАдресЮЛ,АдресРФ,@КодАдрКладр,Level 4 
26,ЕГРЮЛ,СвЮЛ,СвАдресЮЛ,АдресРФ,@Дом,Level 4 
27,ЕГРЮЛ,СвЮЛ,СвАдресЮЛ,АдресРФ,Регион,Level 4 
28,ЕГРЮЛ,СвЮЛ,СвАдресЮЛ,АдресРФ,Регион,@НаимРегион,Level 5 
29,ЕГРЮЛ,СвЮЛ,СвАдресЮЛ,АдресРФ,Район,Level 4 
30,ЕГРЮЛ,СвЮЛ,СвАдресЮЛ,АдресРФ,Район,@ТипРайон,Level 5 
31,ЕГРЮЛ,СвЮЛ,СвАдресЮЛ,АдресРФ,Район,@НаимРайон,Level 5 
32,ЕГРЮЛ,СвЮЛ,СвАдресЮЛ,АдресРФ,Город,Level 4 
33,ЕГРЮЛ,СвЮЛ,СвАдресЮЛ,АдресРФ,Город,@ТипГород,Level 5 
34,ЕГРЮЛ,СвЮЛ,СвАдресЮЛ,АдресРФ,Город,@НаимГород,Level 5 
35,ЕГРЮЛ,СвЮЛ,СвАдресЮЛ,АдресРФ,Улица,Level 4 
36,ЕГРЮЛ,СвЮЛ,СвАдресЮЛ,АдресРФ,Улица,@ТипУлица,Level 5 
37,ЕГРЮЛ,СвЮЛ,СвАдресЮЛ,АдресРФ,Улица,@НаимУлица,Level 5 
38,ЕГРЮЛ,СвЮЛ,СвАдресЮЛ,АдресРФ,ГРНДата,Level 4 
39,ЕГРЮЛ,СвЮЛ,СвАдресЮЛ,АдресРФ,ГРНДата,@ГРН,Level 5 
40,ЕГРЮЛ,СвЮЛ,СвАдресЮЛ,АдресРФ,ГРНДата,@ДатаЗаписи,Level 5 
41,ЕГРЮЛ,СвЮЛ,СвАдресЮЛ,АдресРФ,ГРНДатаИспр,Level 4 
42,ЕГРЮЛ,СвЮЛ,СвАдресЮЛ,АдресРФ,ГРНДатаИспр,@ГРН,Level 5 
43,ЕГРЮЛ,СвЮЛ,СвАдресЮЛ,АдресРФ,ГРНДатаИспр,@ДатаЗаписи,Level 5 
44,ЕГРЮЛ,СвЮЛ,СвОбрЮЛ,Level 2 
45,ЕГРЮЛ,СвЮЛ,СвОбрЮЛ,@ОГРН,Level 3 
46,ЕГРЮЛ,СвЮЛ,СвОбрЮЛ,@ДатаОГРН,Level 3 
47,ЕГРЮЛ,СвЮЛ,СвОбрЮЛ,@РегНом,Level 3 
48,ЕГРЮЛ,СвЮЛ,СвОбрЮЛ,@ДатаРег,Level 3 
49,ЕГРЮЛ,СвЮЛ,СвОбрЮЛ,@НаимРО,Level 3 
50,ЕГРЮЛ,СвЮЛ,СвОбрЮЛ,СпОбрЮЛ,Level 3 
51,ЕГРЮЛ,СвЮЛ,СвОбрЮЛ,СпОбрЮЛ,@КодСпОбрЮЛ,Level 4 
52,ЕГРЮЛ,СвЮЛ,СвОбрЮЛ,СпОбрЮЛ,@НаимСпОбрЮЛ,Level 4 
53,ЕГРЮЛ,СвЮЛ,СвОбрЮЛ,ГРНДата,Level 3 
54,ЕГРЮЛ,СвЮЛ,СвОбрЮЛ,ГРНДата,@ГРН,Level 4 
55,ЕГРЮЛ,СвЮЛ,СвОбрЮЛ,ГРНДата,@ДатаЗаписи,Level 4 
56,ЕГРЮЛ,СвЮЛ,СвРегОрг,Level 2 
57,ЕГРЮЛ,СвЮЛ,СвРегОрг,@КодНО,Level 3 
58,ЕГРЮЛ,СвЮЛ,СвРегОрг,@НаимНО,Level 3 
59,ЕГРЮЛ,СвЮЛ,СвРегОрг,@АдрРО,Level 3 
60,ЕГРЮЛ,СвЮЛ,СвРегОрг,ГРНДата,Level 3 
61,ЕГРЮЛ,СвЮЛ,СвРегОрг,ГРНДата,@ГРН,Level 4 
62,ЕГРЮЛ,СвЮЛ,СвРегОрг,ГРНДата,@ДатаЗаписи,Level 4 
63,ЕГРЮЛ,СвЮЛ,СвУчетНО,Level 2 
64,ЕГРЮЛ,СвЮЛ,СвУчетНО,@ИНН,Level 3 
65,ЕГРЮЛ,СвЮЛ,СвУчетНО,@КПП,Level 3 
66,ЕГРЮЛ,СвЮЛ,СвУчетНО,@ДатаПостУч,Level 3 
67,ЕГРЮЛ,СвЮЛ,СвУчетНО,СвНО,Level 3 
68,ЕГРЮЛ,СвЮЛ,СвУчетНО,СвНО,@КодНО,Level 4 
69,ЕГРЮЛ,СвЮЛ,СвУчетНО,СвНО,@НаимНО,Level 4 
70,ЕГРЮЛ,СвЮЛ,СвУчетНО,ГРНДата,Level 3 
71,ЕГРЮЛ,СвЮЛ,СвУчетНО,ГРНДата,@ГРН,Level 4 
72,ЕГРЮЛ,СвЮЛ,СвУчетНО,ГРНДата,@ДатаЗаписи,Level 4 
73,ЕГРЮЛ,СвЮЛ,СвРегПФ,Level 2 
74,ЕГРЮЛ,СвЮЛ,СвРегПФ,@РегНомПФ,Level 3 
75,ЕГРЮЛ,СвЮЛ,СвРегПФ,@ДатаРег,Level 3 
76,ЕГРЮЛ,СвЮЛ,СвРегПФ,СвОргПФ,Level 3 
77,ЕГРЮЛ,СвЮЛ,СвРегПФ,СвОргПФ,@КодПФ,Level 4 
78,ЕГРЮЛ,СвЮЛ,СвРегПФ,СвОргПФ,@НаимПФ,Level 4 
79,ЕГРЮЛ,СвЮЛ,СвРегПФ,ГРНДата,Level 3 
80,ЕГРЮЛ,СвЮЛ,СвРегПФ,ГРНДата,@ГРН,Level 4 
81,ЕГРЮЛ,СвЮЛ,СвРегПФ,ГРНДата,@ДатаЗаписи,Level 4 
82,ЕГРЮЛ,СвЮЛ,СвРегФСС,Level 2 
83,ЕГРЮЛ,СвЮЛ,СвРегФСС,@РегНомФСС,Level 3 
84,ЕГРЮЛ,СвЮЛ,СвРегФСС,@ДатаРег,Level 3 
85,ЕГРЮЛ,СвЮЛ,СвРегФСС,СвОргФСС,Level 3 
86,ЕГРЮЛ,СвЮЛ,СвРегФСС,СвОргФСС,@КодФСС,Level 4 
87,ЕГРЮЛ,СвЮЛ,СвРегФСС,СвОргФСС,@НаимФСС,Level 4 
88,ЕГРЮЛ,СвЮЛ,СвРегФСС,ГРНДата,Level 3 
89,ЕГРЮЛ,СвЮЛ,СвРегФСС,ГРНДата,@ГРН,Level 4 
90,ЕГРЮЛ,СвЮЛ,СвРегФСС,ГРНДата,@ДатаЗаписи,Level 4 
91,ЕГРЮЛ,СвЮЛ,СвУстКап,Level 2 
92,ЕГРЮЛ,СвЮЛ,СвУстКап,@НаимВидКап,Level 3 
93,ЕГРЮЛ,СвЮЛ,СвУстКап,@СумКап,Level 3 
94,ЕГРЮЛ,СвЮЛ,СвУстКап,ГРНДата,Level 3 
95,ЕГРЮЛ,СвЮЛ,СвУстКап,ГРНДата,@ГРН,Level 4 
96,ЕГРЮЛ,СвЮЛ,СвУстКап,ГРНДата,@ДатаЗаписи,Level 4 
97,ЕГРЮЛ,СвЮЛ,СведДолжнФЛ,Level 2 
98,ЕГРЮЛ,СвЮЛ,СведДолжнФЛ,ГРНДатаПерв,Level 3 
99,ЕГРЮЛ,СвЮЛ,СведДолжнФЛ,ГРНДатаПерв,@ГРН,Level 4 
100,ЕГРЮЛ,СвЮЛ,СведДолжнФЛ,ГРНДатаПерв,@ДатаЗаписи,Level 4 
101,ЕГРЮЛ,СвЮЛ,СведДолжнФЛ,СвФЛ,Level 3 
102,ЕГРЮЛ,СвЮЛ,СведДолжнФЛ,СвФЛ,@Фамилия,Level 4 
103,ЕГРЮЛ,СвЮЛ,СведДолжнФЛ,СвФЛ,@Имя,Level 4 
104,ЕГРЮЛ,СвЮЛ,СведДолжнФЛ,СвФЛ,@Отчество,Level 4 
105,ЕГРЮЛ,СвЮЛ,СведДолжнФЛ,СвФЛ,@ИННФЛ,Level 4 
106,ЕГРЮЛ,СвЮЛ,СведДолжнФЛ,СвФЛ,ГРНДата,Level 4 
107,ЕГРЮЛ,СвЮЛ,СведДолжнФЛ,СвФЛ,ГРНДата,@ГРН,Level 5 
108,ЕГРЮЛ,СвЮЛ,СведДолжнФЛ,СвФЛ,ГРНДата,@ДатаЗаписи,Level 5 
109,ЕГРЮЛ,СвЮЛ,СведДолжнФЛ,СвДолжн,Level 3 
110,ЕГРЮЛ,СвЮЛ,СведДолжнФЛ,СвДолжн,@ВидДолжн,Level 4 
111,ЕГРЮЛ,СвЮЛ,СведДолжнФЛ,СвДолжн,@НаимВидДолжн,Level 4 
112,ЕГРЮЛ,СвЮЛ,СведДолжнФЛ,СвДолжн,@НаимДолжн,Level 4 
113,ЕГРЮЛ,СвЮЛ,СведДолжнФЛ,СвДолжн,ГРНДата,Level 4 
114,ЕГРЮЛ,СвЮЛ,СведДолжнФЛ,СвДолжн,ГРНДата,@ГРН,Level 5 
115,ЕГРЮЛ,СвЮЛ,СведДолжнФЛ,СвДолжн,ГРНДата,@ДатаЗаписи,Level 5 
116,ЕГРЮЛ,СвЮЛ,СведДолжнФЛ,СвПолФЛ,Level 3 
117,ЕГРЮЛ,СвЮЛ,СведДолжнФЛ,СвПолФЛ,@Пол,Level 4 
118,ЕГРЮЛ,СвЮЛ,СведДолжнФЛ,СвПолФЛ,ГРНДата,Level 4 
119,ЕГРЮЛ,СвЮЛ,СведДолжнФЛ,СвПолФЛ,ГРНДата,@ГРН,Level 5 
120,ЕГРЮЛ,СвЮЛ,СведДолжнФЛ,СвПолФЛ,ГРНДата,@ДатаЗаписи,Level 5 
121,ЕГРЮЛ,СвЮЛ,СведДолжнФЛ,СвГраждФЛ,Level 3 
122,ЕГРЮЛ,СвЮЛ,СведДолжнФЛ,СвГраждФЛ,@КодГражд,Level 4 
123,ЕГРЮЛ,СвЮЛ,СведДолжнФЛ,СвГраждФЛ,ГРНДата,Level 4 
124,ЕГРЮЛ,СвЮЛ,СведДолжнФЛ,СвГраждФЛ,ГРНДата,@ГРН,Level 5 
125,ЕГРЮЛ,СвЮЛ,СведДолжнФЛ,СвГраждФЛ,ГРНДата,@ДатаЗаписи,Level 5 
126,ЕГРЮЛ,СвЮЛ,СвДержРеестрАО,Level 2 
127,ЕГРЮЛ,СвЮЛ,СвДержРеестрАО,ДержРеестрАО,Level 3 
128,ЕГРЮЛ,СвЮЛ,СвДержРеестрАО,ДержРеестрАО,@ОГРН,Level 4 
129,ЕГРЮЛ,СвЮЛ,СвДержРеестрАО,ДержРеестрАО,@ИНН,Level 4 
130,ЕГРЮЛ,СвЮЛ,СвДержРеестрАО,ДержРеестрАО,@НаимЮЛПолн,Level 4 
131,ЕГРЮЛ,СвЮЛ,СвДержРеестрАО,ДержРеестрАО,ГРНДата,Level 4 
132,ЕГРЮЛ,СвЮЛ,СвДержРеестрАО,ДержРеестрАО,ГРНДата,@ГРН,Level 5 
133,ЕГРЮЛ,СвЮЛ,СвДержРеестрАО,ДержРеестрАО,ГРНДата,@ДатаЗаписи,Level 5 
134,ЕГРЮЛ,СвЮЛ,СвОКВЭД,Level 2 
135,ЕГРЮЛ,СвЮЛ,СвОКВЭД,СвОКВЭДОсн,Level 3 
136,ЕГРЮЛ,СвЮЛ,СвОКВЭД,СвОКВЭДОсн,@КодОКВЭД,Level 4 
137,ЕГРЮЛ,СвЮЛ,СвОКВЭД,СвОКВЭДОсн,@НаимОКВЭД,Level 4 
138,ЕГРЮЛ,СвЮЛ,СвОКВЭД,СвОКВЭДОсн,@ПрВерсОКВЭД,Level 4 
139,ЕГРЮЛ,СвЮЛ,СвОКВЭД,СвОКВЭДОсн,ГРНДата,Level 4 
140,ЕГРЮЛ,СвЮЛ,СвОКВЭД,СвОКВЭДОсн,ГРНДата,@ГРН,Level 5 
141,ЕГРЮЛ,СвЮЛ,СвОКВЭД,СвОКВЭДОсн,ГРНДата,@ДатаЗаписи,Level 5 
142,ЕГРЮЛ,СвЮЛ,СвОКВЭД,СвОКВЭДДоп,Level 3 
143,ЕГРЮЛ,СвЮЛ,СвОКВЭД,СвОКВЭДДоп, List string 1
144,ЕГРЮЛ,СвЮЛ,СвОКВЭД,СвОКВЭДДоп,@КодОКВЭД,Level 4 
145,ЕГРЮЛ,СвЮЛ,СвОКВЭД,СвОКВЭДДоп,@НаимОКВЭД,Level 4 
146,ЕГРЮЛ,СвЮЛ,СвОКВЭД,СвОКВЭДДоп,@ПрВерсОКВЭД,Level 4 
147,ЕГРЮЛ,СвЮЛ,СвОКВЭД,СвОКВЭДДоп,ГРНДата,Level 4 
148,ЕГРЮЛ,СвЮЛ,СвОКВЭД,СвОКВЭДДоп,ГРНДата,@ГРН,Level 5 
149,ЕГРЮЛ,СвЮЛ,СвОКВЭД,СвОКВЭДДоп,ГРНДата,@ДатаЗаписи,Level 5 
150,ЕГРЮЛ,СвЮЛ,СвОКВЭД,СвОКВЭДДоп, List string 2
151,ЕГРЮЛ,СвЮЛ,СвОКВЭД,СвОКВЭДДоп,@КодОКВЭД,Level 4 
152,ЕГРЮЛ,СвЮЛ,СвОКВЭД,СвОКВЭДДоп,@НаимОКВЭД,Level 4 
153,ЕГРЮЛ,СвЮЛ,СвОКВЭД,СвОКВЭДДоп,@ПрВерсОКВЭД,Level 4 
154,ЕГРЮЛ,СвЮЛ,СвОКВЭД,СвОКВЭДДоп,ГРНДата,Level 4 
155,ЕГРЮЛ,СвЮЛ,СвОКВЭД,СвОКВЭДДоп,ГРНДата,@ГРН,Level 5 
156,ЕГРЮЛ,СвЮЛ,СвОКВЭД,СвОКВЭДДоп,ГРНДата,@ДатаЗаписи,Level 5 
157,ЕГРЮЛ,СвЮЛ,СвОКВЭД,СвОКВЭДДоп, List string 3
158,ЕГРЮЛ,СвЮЛ,СвОКВЭД,СвОКВЭДДоп,@КодОКВЭД,Level 4 
159,ЕГРЮЛ,СвЮЛ,СвОКВЭД,СвОКВЭДДоп,@НаимОКВЭД,Level 4 
160,ЕГРЮЛ,СвЮЛ,СвОКВЭД,СвОКВЭДДоп,@ПрВерсОКВЭД,Level 4 
161,ЕГРЮЛ,СвЮЛ,СвОКВЭД,СвОКВЭДДоп,ГРНДата,Level 4 
162,ЕГРЮЛ,СвЮЛ,СвОКВЭД,СвОКВЭДДоп,ГРНДата,@ГРН,Level 5 
163,ЕГРЮЛ,СвЮЛ,СвОКВЭД,СвОКВЭДДоп,ГРНДата,@ДатаЗаписи,Level 5 
164,ЕГРЮЛ,СвЮЛ,СвОКВЭД,СвОКВЭДДоп, List string 4
165,ЕГРЮЛ,СвЮЛ,СвОКВЭД,СвОКВЭДДоп,@КодОКВЭД,Level 4 
166,ЕГРЮЛ,СвЮЛ,СвОКВЭД,СвОКВЭДДоп,@НаимОКВЭД,Level 4 
167,ЕГРЮЛ,СвЮЛ,СвОКВЭД,СвОКВЭДДоп,@ПрВерсОКВЭД,Level 4 
168,ЕГРЮЛ,СвЮЛ,СвОКВЭД,СвОКВЭДДоп,ГРНДата,Level 4 
169,ЕГРЮЛ,СвЮЛ,СвОКВЭД,СвОКВЭДДоп,ГРНДата,@ГРН,Level 5 
170,ЕГРЮЛ,СвЮЛ,СвОКВЭД,СвОКВЭДДоп,ГРНДата,@ДатаЗаписи,Level 5 
171,ЕГРЮЛ,СвЮЛ,СвОКВЭД,СвОКВЭДДоп, List string 5
172,ЕГРЮЛ,СвЮЛ,СвОКВЭД,СвОКВЭДДоп,@КодОКВЭД,Level 4 
173,ЕГРЮЛ,СвЮЛ,СвОКВЭД,СвОКВЭДДоп,@НаимОКВЭД,Level 4 
174,ЕГРЮЛ,СвЮЛ,СвОКВЭД,СвОКВЭДДоп,@ПрВерсОКВЭД,Level 4 
175,ЕГРЮЛ,СвЮЛ,СвОКВЭД,СвОКВЭДДоп,ГРНДата,Level 4 
176,ЕГРЮЛ,СвЮЛ,СвОКВЭД,СвОКВЭДДоп,ГРНДата,@ГРН,Level 5 
177,ЕГРЮЛ,СвЮЛ,СвОКВЭД,СвОКВЭДДоп,ГРНДата,@ДатаЗаписи,Level 5 
178,ЕГРЮЛ,СвЮЛ,СвОКВЭД,СвОКВЭДДоп, List string 6
179,ЕГРЮЛ,СвЮЛ,СвОКВЭД,СвОКВЭДДоп,@КодОКВЭД,Level 4 
180,ЕГРЮЛ,СвЮЛ,СвОКВЭД,СвОКВЭДДоп,@НаимОКВЭД,Level 4 
181,ЕГРЮЛ,СвЮЛ,СвОКВЭД,СвОКВЭДДоп,@ПрВерсОКВЭД,Level 4 
182,ЕГРЮЛ,СвЮЛ,СвОКВЭД,СвОКВЭДДоп,ГРНДата,Level 4 
183,ЕГРЮЛ,СвЮЛ,СвОКВЭД,СвОКВЭДДоп,ГРНДата,@ГРН,Level 5 
184,ЕГРЮЛ,СвЮЛ,СвОКВЭД,СвОКВЭДДоп,ГРНДата,@ДатаЗаписи,Level 5 
185,ЕГРЮЛ,СвЮЛ,СвОКВЭД,СвОКВЭДДоп, List string 7
186,ЕГРЮЛ,СвЮЛ,СвОКВЭД,СвОКВЭДДоп,@КодОКВЭД,Level 4 
187,ЕГРЮЛ,СвЮЛ,СвОКВЭД,СвОКВЭДДоп,@НаимОКВЭД,Level 4 
188,ЕГРЮЛ,СвЮЛ,СвОКВЭД,СвОКВЭДДоп,@ПрВерсОКВЭД,Level 4 
189,ЕГРЮЛ,СвЮЛ,СвОКВЭД,СвОКВЭДДоп,ГРНДата,Level 4 
190,ЕГРЮЛ,СвЮЛ,СвОКВЭД,СвОКВЭДДоп,ГРНДата,@ГРН,Level 5 
191,ЕГРЮЛ,СвЮЛ,СвОКВЭД,СвОКВЭДДоп,ГРНДата,@ДатаЗаписи,Level 5 
192,ЕГРЮЛ,СвЮЛ,СвОКВЭД,СвОКВЭДДоп, List string 8
193,ЕГРЮЛ,СвЮЛ,СвОКВЭД,СвОКВЭДДоп,@КодОКВЭД,Level 4 
194,ЕГРЮЛ,СвЮЛ,СвОКВЭД,СвОКВЭДДоп,@НаимОКВЭД,Level 4 
195,ЕГРЮЛ,СвЮЛ,СвОКВЭД,СвОКВЭДДоп,@ПрВерсОКВЭД,Level 4 
196,ЕГРЮЛ,СвЮЛ,СвОКВЭД,СвОКВЭДДоп,ГРНДата,Level 4 
197,ЕГРЮЛ,СвЮЛ,СвОКВЭД,СвОКВЭДДоп,ГРНДата,@ГРН,Level 5 
198,ЕГРЮЛ,СвЮЛ,СвОКВЭД,СвОКВЭДДоп,ГРНДата,@ДатаЗаписи,Level 5 
199,ЕГРЮЛ,СвЮЛ,СвОКВЭД,СвОКВЭДДоп, List string 9
200,ЕГРЮЛ,СвЮЛ,СвОКВЭД,СвОКВЭДДоп,@КодОКВЭД,Level 4 
201,ЕГРЮЛ,СвЮЛ,СвОКВЭД,СвОКВЭДДоп,@НаимОКВЭД,Level 4 
202,ЕГРЮЛ,СвЮЛ,СвОКВЭД,СвОКВЭДДоп,@ПрВерсОКВЭД,Level 4 
203,ЕГРЮЛ,СвЮЛ,СвОКВЭД,СвОКВЭДДоп,ГРНДата,Level 4 
204,ЕГРЮЛ,СвЮЛ,СвОКВЭД,СвОКВЭДДоп,ГРНДата,@ГРН,Level 5 
205,ЕГРЮЛ,СвЮЛ,СвОКВЭД,СвОКВЭДДоп,ГРНДата,@ДатаЗаписи,Level 5 
206,ЕГРЮЛ,СвЮЛ,СвЛицензия,Level 2 
207,ЕГРЮЛ,СвЮЛ,СвЛицензия, List string 1
208,ЕГРЮЛ,СвЮЛ,СвЛицензия,@НомЛиц,Level 3 
209,ЕГРЮЛ,СвЮЛ,СвЛицензия,@ДатаЛиц,Level 3 
210,ЕГРЮЛ,СвЮЛ,СвЛицензия,@ДатаНачЛиц,Level 3 
211,ЕГРЮЛ,СвЮЛ,СвЛицензия,НаимЛицВидДеят,Level 3 
212,ЕГРЮЛ,СвЮЛ,СвЛицензия,ЛицОргВыдЛиц,Level 3 
213,ЕГРЮЛ,СвЮЛ,СвЛицензия,ГРНДата,Level 3 
214,ЕГРЮЛ,СвЮЛ,СвЛицензия,ГРНДата,@ГРН,Level 4 
215,ЕГРЮЛ,СвЮЛ,СвЛицензия,ГРНДата,@ДатаЗаписи,Level 4 
216,ЕГРЮЛ,СвЮЛ,СвЛицензия, List string 2
217,ЕГРЮЛ,СвЮЛ,СвЛицензия,@НомЛиц,Level 3 
218,ЕГРЮЛ,СвЮЛ,СвЛицензия,@ДатаЛиц,Level 3 
219,ЕГРЮЛ,СвЮЛ,СвЛицензия,@ДатаНачЛиц,Level 3 
220,ЕГРЮЛ,СвЮЛ,СвЛицензия,НаимЛицВидДеят,Level 3 
221,ЕГРЮЛ,СвЮЛ,СвЛицензия,ЛицОргВыдЛиц,Level 3 
222,ЕГРЮЛ,СвЮЛ,СвЛицензия,ГРНДата,Level 3 
223,ЕГРЮЛ,СвЮЛ,СвЛицензия,ГРНДата,@ГРН,Level 4 
224,ЕГРЮЛ,СвЮЛ,СвЛицензия,ГРНДата,@ДатаЗаписи,Level 4 
225,ЕГРЮЛ,СвЮЛ,СвЛицензия, List string 3
226,ЕГРЮЛ,СвЮЛ,СвЛицензия,@НомЛиц,Level 3 
227,ЕГРЮЛ,СвЮЛ,СвЛицензия,@ДатаЛиц,Level 3 
228,ЕГРЮЛ,СвЮЛ,СвЛицензия,@ДатаНачЛиц,Level 3 
229,ЕГРЮЛ,СвЮЛ,СвЛицензия,НаимЛицВидДеят,Level 3 
230,ЕГРЮЛ,СвЮЛ,СвЛицензия,ЛицОргВыдЛиц,Level 3 
231,ЕГРЮЛ,СвЮЛ,СвЛицензия,ГРНДата,Level 3 
232,ЕГРЮЛ,СвЮЛ,СвЛицензия,ГРНДата,@ГРН,Level 4 
233,ЕГРЮЛ,СвЮЛ,СвЛицензия,ГРНДата,@ДатаЗаписи,Level 4 
234,ЕГРЮЛ,СвЮЛ,СвЗапЕГРЮЛ,Level 2 
235,ЕГРЮЛ,СвЮЛ,СвЗапЕГРЮЛ, List string 1
236,ЕГРЮЛ,СвЮЛ,СвЗапЕГРЮЛ,@ИдЗап,Level 3 
237,ЕГРЮЛ,СвЮЛ,СвЗапЕГРЮЛ,@ГРН,Level 3 
238,ЕГРЮЛ,СвЮЛ,СвЗапЕГРЮЛ,@ДатаЗап,Level 3 
239,ЕГРЮЛ,СвЮЛ,СвЗапЕГРЮЛ,ВидЗап,Level 3 
240,ЕГРЮЛ,СвЮЛ,СвЗапЕГРЮЛ,ВидЗап,@КодСПВЗ,Level 4 
241,ЕГРЮЛ,СвЮЛ,СвЗапЕГРЮЛ,ВидЗап,@НаимВидЗап,Level 4 
242,ЕГРЮЛ,СвЮЛ,СвЗапЕГРЮЛ,СвРегОрг,Level 3 
243,ЕГРЮЛ,СвЮЛ,СвЗапЕГРЮЛ,СвРегОрг,@КодНО,Level 4 
244,ЕГРЮЛ,СвЮЛ,СвЗапЕГРЮЛ,СвРегОрг,@НаимНО,Level 4 
245,ЕГРЮЛ,СвЮЛ,СвЗапЕГРЮЛ,СвСвид,Level 3 
246,ЕГРЮЛ,СвЮЛ,СвЗапЕГРЮЛ,СвСвид,@Серия,Level 4 
247,ЕГРЮЛ,СвЮЛ,СвЗапЕГРЮЛ,СвСвид,@Номер,Level 4 
248,ЕГРЮЛ,СвЮЛ,СвЗапЕГРЮЛ,СвСвид,@ДатаВыдСвид,Level 4 
249,ЕГРЮЛ,СвЮЛ,СвЗапЕГРЮЛ,СвСтатусЗап,Level 3 
250,ЕГРЮЛ,СвЮЛ,СвЗапЕГРЮЛ,СвСтатусЗап,ГРНДатаИспр,Level 4 
251,ЕГРЮЛ,СвЮЛ,СвЗапЕГРЮЛ,СвСтатусЗап,ГРНДатаИспр,@ИдЗап,Level 5 
252,ЕГРЮЛ,СвЮЛ,СвЗапЕГРЮЛ,СвСтатусЗап,ГРНДатаИспр,@ГРН,Level 5 
253,ЕГРЮЛ,СвЮЛ,СвЗапЕГРЮЛ,СвСтатусЗап,ГРНДатаИспр,@ДатаЗап,Level 5 
254,ЕГРЮЛ,СвЮЛ,СвЗапЕГРЮЛ, List string 2
255,ЕГРЮЛ,СвЮЛ,СвЗапЕГРЮЛ,@ИдЗап,Level 3 
256,ЕГРЮЛ,СвЮЛ,СвЗапЕГРЮЛ,@ГРН,Level 3 
257,ЕГРЮЛ,СвЮЛ,СвЗапЕГРЮЛ,@ДатаЗап,Level 3 
258,ЕГРЮЛ,СвЮЛ,СвЗапЕГРЮЛ,ВидЗап,Level 3 
259,ЕГРЮЛ,СвЮЛ,СвЗапЕГРЮЛ,ВидЗап,@КодСПВЗ,Level 4 
260,ЕГРЮЛ,СвЮЛ,СвЗапЕГРЮЛ,ВидЗап,@НаимВидЗап,Level 4 
261,ЕГРЮЛ,СвЮЛ,СвЗапЕГРЮЛ,СвРегОрг,Level 3 
262,ЕГРЮЛ,СвЮЛ,СвЗапЕГРЮЛ,СвРегОрг,@КодНО,Level 4 
263,ЕГРЮЛ,СвЮЛ,СвЗапЕГРЮЛ,СвРегОрг,@НаимНО,Level 4 
264,ЕГРЮЛ,СвЮЛ,СвЗапЕГРЮЛ,СвСвид,Level 3 
265,ЕГРЮЛ,СвЮЛ,СвЗапЕГРЮЛ,СвСвид,@Серия,Level 4 
266,ЕГРЮЛ,СвЮЛ,СвЗапЕГРЮЛ,СвСвид,@Номер,Level 4 
267,ЕГРЮЛ,СвЮЛ,СвЗапЕГРЮЛ,СвСвид,@ДатаВыдСвид,Level 4 
268,ЕГРЮЛ,СвЮЛ,СвЗапЕГРЮЛ, List string 3
269,ЕГРЮЛ,СвЮЛ,СвЗапЕГРЮЛ,@ИдЗап,Level 3 
270,ЕГРЮЛ,СвЮЛ,СвЗапЕГРЮЛ,@ГРН,Level 3 
271,ЕГРЮЛ,СвЮЛ,СвЗапЕГРЮЛ,@ДатаЗап,Level 3 
272,ЕГРЮЛ,СвЮЛ,СвЗапЕГРЮЛ,ВидЗап,Level 3 
273,ЕГРЮЛ,СвЮЛ,СвЗапЕГРЮЛ,ВидЗап,@КодСПВЗ,Level 4 
274,ЕГРЮЛ,СвЮЛ,СвЗапЕГРЮЛ,ВидЗап,@НаимВидЗап,Level 4 
275,ЕГРЮЛ,СвЮЛ,СвЗапЕГРЮЛ,СвРегОрг,Level 3 
276,ЕГРЮЛ,СвЮЛ,СвЗапЕГРЮЛ,СвРегОрг,@КодНО,Level 4 
277,ЕГРЮЛ,СвЮЛ,СвЗапЕГРЮЛ,СвРегОрг,@НаимНО,Level 4 
278,ЕГРЮЛ,СвЮЛ,СвЗапЕГРЮЛ,СведПредДок,Level 3 
279,ЕГРЮЛ,СвЮЛ,СвЗапЕГРЮЛ,СведПредДок, List string 1
280,ЕГРЮЛ,СвЮЛ,СвЗапЕГРЮЛ,СведПредДок,НаимДок,Level 4 
281,ЕГРЮЛ,СвЮЛ,СвЗапЕГРЮЛ,СведПредДок, List string 2
282,ЕГРЮЛ,СвЮЛ,СвЗапЕГРЮЛ,СведПредДок,НаимДок,Level 4 
283,ЕГРЮЛ,СвЮЛ,СвЗапЕГРЮЛ,СведПредДок, List string 3
284,ЕГРЮЛ,СвЮЛ,СвЗапЕГРЮЛ,СведПредДок,НаимДок,Level 4 
285,ЕГРЮЛ,СвЮЛ,СвЗапЕГРЮЛ,СведПредДок, List string 4
286,ЕГРЮЛ,СвЮЛ,СвЗапЕГРЮЛ,СведПредДок,НаимДок,Level 4 
287,ЕГРЮЛ,СвЮЛ,СвЗапЕГРЮЛ,СвСвид,Level 3 
288,ЕГРЮЛ,СвЮЛ,СвЗапЕГРЮЛ,СвСвид,@Серия,Level 4 
289,ЕГРЮЛ,СвЮЛ,СвЗапЕГРЮЛ,СвСвид,@Номер,Level 4 
290,ЕГРЮЛ,СвЮЛ,СвЗапЕГРЮЛ,СвСвид,@ДатаВыдСвид,Level 4 
291,ЕГРЮЛ,СвЮЛ,СвЗапЕГРЮЛ, List string 4
292,ЕГРЮЛ,СвЮЛ,СвЗапЕГРЮЛ,@ИдЗап,Level 3 
293,ЕГРЮЛ,СвЮЛ,СвЗапЕГРЮЛ,@ГРН,Level 3 
294,ЕГРЮЛ,СвЮЛ,СвЗапЕГРЮЛ,@ДатаЗап,Level 3 
295,ЕГРЮЛ,СвЮЛ,СвЗапЕГРЮЛ,ВидЗап,Level 3 
296,ЕГРЮЛ,СвЮЛ,СвЗапЕГРЮЛ,ВидЗап,@КодСПВЗ,Level 4 
297,ЕГРЮЛ,СвЮЛ,СвЗапЕГРЮЛ,ВидЗап,@НаимВидЗап,Level 4 
298,ЕГРЮЛ,СвЮЛ,СвЗапЕГРЮЛ,СвРегОрг,Level 3 
299,ЕГРЮЛ,СвЮЛ,СвЗапЕГРЮЛ,СвРегОрг,@КодНО,Level 4 
300,ЕГРЮЛ,СвЮЛ,СвЗапЕГРЮЛ,СвРегОрг,@НаимНО,Level 4 
301,ЕГРЮЛ,СвЮЛ,СвЗапЕГРЮЛ, List string 5
302,ЕГРЮЛ,СвЮЛ,СвЗапЕГРЮЛ,@ИдЗап,Level 3 
303,ЕГРЮЛ,СвЮЛ,СвЗапЕГРЮЛ,@ГРН,Level 3 
304,ЕГРЮЛ,СвЮЛ,СвЗапЕГРЮЛ,@ДатаЗап,Level 3 
305,ЕГРЮЛ,СвЮЛ,СвЗапЕГРЮЛ,ВидЗап,Level 3 
306,ЕГРЮЛ,СвЮЛ,СвЗапЕГРЮЛ,ВидЗап,@КодСПВЗ,Level 4 
307,ЕГРЮЛ,СвЮЛ,СвЗапЕГРЮЛ,ВидЗап,@НаимВидЗап,Level 4 
308,ЕГРЮЛ,СвЮЛ,СвЗапЕГРЮЛ,СвРегОрг,Level 3 
309,ЕГРЮЛ,СвЮЛ,СвЗапЕГРЮЛ,СвРегОрг,@КодНО,Level 4 
310,ЕГРЮЛ,СвЮЛ,СвЗапЕГРЮЛ,СвРегОрг,@НаимНО,Level 4 
311,ЕГРЮЛ,СвЮЛ,СвЗапЕГРЮЛ, List string 6
312,ЕГРЮЛ,СвЮЛ,СвЗапЕГРЮЛ,@ИдЗап,Level 3 
313,ЕГРЮЛ,СвЮЛ,СвЗапЕГРЮЛ,@ГРН,Level 3 
314,ЕГРЮЛ,СвЮЛ,СвЗапЕГРЮЛ,@ДатаЗап,Level 3 
315,ЕГРЮЛ,СвЮЛ,СвЗапЕГРЮЛ,ВидЗап,Level 3 
316,ЕГРЮЛ,СвЮЛ,СвЗапЕГРЮЛ,ВидЗап,@КодСПВЗ,Level 4 
317,ЕГРЮЛ,СвЮЛ,СвЗапЕГРЮЛ,ВидЗап,@НаимВидЗап,Level 4 
318,ЕГРЮЛ,СвЮЛ,СвЗапЕГРЮЛ,СвРегОрг,Level 3 
319,ЕГРЮЛ,СвЮЛ,СвЗапЕГРЮЛ,СвРегОрг,@КодНО,Level 4 
320,ЕГРЮЛ,СвЮЛ,СвЗапЕГРЮЛ,СвРегОрг,@НаимНО,Level 4 
321,ЕГРЮЛ,СвЮЛ,СвЗапЕГРЮЛ,СведПредДок,Level 3 
322,ЕГРЮЛ,СвЮЛ,СвЗапЕГРЮЛ,СведПредДок, List string 1
323,ЕГРЮЛ,СвЮЛ,СвЗапЕГРЮЛ,СведПредДок,НаимДок,Level 4 
324,ЕГРЮЛ,СвЮЛ,СвЗапЕГРЮЛ,СведПредДок, List string 2
325,ЕГРЮЛ,СвЮЛ,СвЗапЕГРЮЛ,СведПредДок,НаимДок,Level 4 
326,ЕГРЮЛ,СвЮЛ,СвЗапЕГРЮЛ,СведПредДок, List string 3
327,ЕГРЮЛ,СвЮЛ,СвЗапЕГРЮЛ,СведПредДок,НаимДок,Level 4 
328,ЕГРЮЛ,СвЮЛ,СвЗапЕГРЮЛ,СведПредДок,НомДок,Level 4 
329,ЕГРЮЛ,СвЮЛ,СвЗапЕГРЮЛ,СведПредДок,ДатаДок,Level 4 
330,ЕГРЮЛ,СвЮЛ,СвЗапЕГРЮЛ,СведПредДок, List string 4
331,ЕГРЮЛ,СвЮЛ,СвЗапЕГРЮЛ,СведПредДок,НаимДок,Level 4 
332,ЕГРЮЛ,СвЮЛ,СвЗапЕГРЮЛ,СвСвид,Level 3 
333,ЕГРЮЛ,СвЮЛ,СвЗапЕГРЮЛ,СвСвид,@Серия,Level 4 
334,ЕГРЮЛ,СвЮЛ,СвЗапЕГРЮЛ,СвСвид,@Номер,Level 4 
335,ЕГРЮЛ,СвЮЛ,СвЗапЕГРЮЛ,СвСвид,@ДатаВыдСвид,Level 4 
336,ЕГРЮЛ,СвЮЛ,СвЗапЕГРЮЛ, List string 7
337,ЕГРЮЛ,СвЮЛ,СвЗапЕГРЮЛ,@ИдЗап,Level 3 
338,ЕГРЮЛ,СвЮЛ,СвЗапЕГРЮЛ,@ГРН,Level 3 
339,ЕГРЮЛ,СвЮЛ,СвЗапЕГРЮЛ,@ДатаЗап,Level 3 
340,ЕГРЮЛ,СвЮЛ,СвЗапЕГРЮЛ,ВидЗап,Level 3 
341,ЕГРЮЛ,СвЮЛ,СвЗапЕГРЮЛ,ВидЗап,@КодСПВЗ,Level 4 
342,ЕГРЮЛ,СвЮЛ,СвЗапЕГРЮЛ,ВидЗап,@НаимВидЗап,Level 4 
343,ЕГРЮЛ,СвЮЛ,СвЗапЕГРЮЛ,СвРегОрг,Level 3 
344,ЕГРЮЛ,СвЮЛ,СвЗапЕГРЮЛ,СвРегОрг,@КодНО,Level 4 
345,ЕГРЮЛ,СвЮЛ,СвЗапЕГРЮЛ,СвРегОрг,@НаимНО,Level 4 
346,ЕГРЮЛ,СвЮЛ,СвЗапЕГРЮЛ,СведПредДок,Level 3 
347,ЕГРЮЛ,СвЮЛ,СвЗапЕГРЮЛ,СведПредДок,НаимДок,Level 4 
348,ЕГРЮЛ,СвЮЛ,СвЗапЕГРЮЛ,СвСвид,Level 3 
349,ЕГРЮЛ,СвЮЛ,СвЗапЕГРЮЛ,СвСвид,@Серия,Level 4 
350,ЕГРЮЛ,СвЮЛ,СвЗапЕГРЮЛ,СвСвид,@Номер,Level 4 
351,ЕГРЮЛ,СвЮЛ,СвЗапЕГРЮЛ,СвСвид,@ДатаВыдСвид,Level 4 
352,ЕГРЮЛ,СвЮЛ,СвЗапЕГРЮЛ, List string 8
353,ЕГРЮЛ,СвЮЛ,СвЗапЕГРЮЛ,@ИдЗап,Level 3 
354,ЕГРЮЛ,СвЮЛ,СвЗапЕГРЮЛ,@ГРН,Level 3 
355,ЕГРЮЛ,СвЮЛ,СвЗапЕГРЮЛ,@ДатаЗап,Level 3 
356,ЕГРЮЛ,СвЮЛ,СвЗапЕГРЮЛ,ВидЗап,Level 3 
357,ЕГРЮЛ,СвЮЛ,СвЗапЕГРЮЛ,ВидЗап,@КодСПВЗ,Level 4 
358,ЕГРЮЛ,СвЮЛ,СвЗапЕГРЮЛ,ВидЗап,@НаимВидЗап,Level 4 
359,ЕГРЮЛ,СвЮЛ,СвЗапЕГРЮЛ,СвРегОрг,Level 3 
360,ЕГРЮЛ,СвЮЛ,СвЗапЕГРЮЛ,СвРегОрг,@КодНО,Level 4 
361,ЕГРЮЛ,СвЮЛ,СвЗапЕГРЮЛ,СвРегОрг,@НаимНО,Level 4 
362,ЕГРЮЛ,СвЮЛ,СвЗапЕГРЮЛ, List string 9
363,ЕГРЮЛ,СвЮЛ,СвЗапЕГРЮЛ,@ИдЗап,Level 3 
364,ЕГРЮЛ,СвЮЛ,СвЗапЕГРЮЛ,@ГРН,Level 3 
365,ЕГРЮЛ,СвЮЛ,СвЗапЕГРЮЛ,@ДатаЗап,Level 3 
366,ЕГРЮЛ,СвЮЛ,СвЗапЕГРЮЛ,ВидЗап,Level 3 
367,ЕГРЮЛ,СвЮЛ,СвЗапЕГРЮЛ,ВидЗап,@КодСПВЗ,Level 4 
368,ЕГРЮЛ,СвЮЛ,СвЗапЕГРЮЛ,ВидЗап,@НаимВидЗап,Level 4 
369,ЕГРЮЛ,СвЮЛ,СвЗапЕГРЮЛ,СвРегОрг,Level 3 
370,ЕГРЮЛ,СвЮЛ,СвЗапЕГРЮЛ,СвРегОрг,@КодНО,Level 4 
371,ЕГРЮЛ,СвЮЛ,СвЗапЕГРЮЛ,СвРегОрг,@НаимНО,Level 4 
372,ЕГРЮЛ,СвЮЛ,СвЗапЕГРЮЛ,СведПредДок,Level 3 
373,ЕГРЮЛ,СвЮЛ,СвЗапЕГРЮЛ,СведПредДок, List string 1
374,ЕГРЮЛ,СвЮЛ,СвЗапЕГРЮЛ,СведПредДок,НаимДок,Level 4 
375,ЕГРЮЛ,СвЮЛ,СвЗапЕГРЮЛ,СведПредДок,НомДок,Level 4 
376,ЕГРЮЛ,СвЮЛ,СвЗапЕГРЮЛ,СведПредДок, List string 2
377,ЕГРЮЛ,СвЮЛ,СвЗапЕГРЮЛ,СведПредДок,НаимДок,Level 4 
378,ЕГРЮЛ,СвЮЛ,СвЗапЕГРЮЛ,СведПредДок, List string 3
379,ЕГРЮЛ,СвЮЛ,СвЗапЕГРЮЛ,СведПредДок,НаимДок,Level 4 
380,ЕГРЮЛ,СвЮЛ,СвЗапЕГРЮЛ,СведПредДок,ДатаДок,Level 4 
381,ЕГРЮЛ,СвЮЛ,СвЗапЕГРЮЛ,СведПредДок, List string 4
382,ЕГРЮЛ,СвЮЛ,СвЗапЕГРЮЛ,СведПредДок,НаимДок,Level 4 
383,ЕГРЮЛ,СвЮЛ,СвЗапЕГРЮЛ,СведПредДок,НомДок,Level 4 
384,ЕГРЮЛ,СвЮЛ,СвЗапЕГРЮЛ,СведПредДок,ДатаДок,Level 4 
385,ЕГРЮЛ,СвЮЛ,СвЗапЕГРЮЛ,СвСтатусЗап,Level 3 
386,ЕГРЮЛ,СвЮЛ,СвЗапЕГРЮЛ,СвСтатусЗап,ГРНДатаИспр,Level 4 
387,ЕГРЮЛ,СвЮЛ,СвЗапЕГРЮЛ,СвСтатусЗап,ГРНДатаИспр,@ИдЗап,Level 5 
388,ЕГРЮЛ,СвЮЛ,СвЗапЕГРЮЛ,СвСтатусЗап,ГРНДатаИспр,@ГРН,Level 5 
389,ЕГРЮЛ,СвЮЛ,СвЗапЕГРЮЛ,СвСтатусЗап,ГРНДатаИспр,@ДатаЗап,Level 5 
390,ЕГРЮЛ,СвЮЛ,СвЗапЕГРЮЛ, List string 10
391,ЕГРЮЛ,СвЮЛ,СвЗапЕГРЮЛ,@ИдЗап,Level 3 
392,ЕГРЮЛ,СвЮЛ,СвЗапЕГРЮЛ,@ГРН,Level 3 
393,ЕГРЮЛ,СвЮЛ,СвЗапЕГРЮЛ,@ДатаЗап,Level 3 
394,ЕГРЮЛ,СвЮЛ,СвЗапЕГРЮЛ,ВидЗап,Level 3 
395,ЕГРЮЛ,СвЮЛ,СвЗапЕГРЮЛ,ВидЗап,@КодСПВЗ,Level 4 
396,ЕГРЮЛ,СвЮЛ,СвЗапЕГРЮЛ,ВидЗап,@НаимВидЗап,Level 4 
397,ЕГРЮЛ,СвЮЛ,СвЗапЕГРЮЛ,СвРегОрг,Level 3 
398,ЕГРЮЛ,СвЮЛ,СвЗапЕГРЮЛ,СвРегОрг,@КодНО,Level 4 
399,ЕГРЮЛ,СвЮЛ,СвЗапЕГРЮЛ,СвРегОрг,@НаимНО,Level 4 
400,ЕГРЮЛ,СвЮЛ,СвЗапЕГРЮЛ,СведПредДок,Level 3 
401,ЕГРЮЛ,СвЮЛ,СвЗапЕГРЮЛ,СведПредДок, List string 1
402,ЕГРЮЛ,СвЮЛ,СвЗапЕГРЮЛ,СведПредДок,НаимДок,Level 4 
403,ЕГРЮЛ,СвЮЛ,СвЗапЕГРЮЛ,СведПредДок,НомДок,Level 4 
404,ЕГРЮЛ,СвЮЛ,СвЗапЕГРЮЛ,СведПредДок, List string 2
405,ЕГРЮЛ,СвЮЛ,СвЗапЕГРЮЛ,СведПредДок,НаимДок,Level 4 
406,ЕГРЮЛ,СвЮЛ,СвЗапЕГРЮЛ,СведПредДок,ДатаДок,Level 4 
407,ЕГРЮЛ,СвЮЛ,СвЗапЕГРЮЛ,СвСвид,Level 3 
408,ЕГРЮЛ,СвЮЛ,СвЗапЕГРЮЛ,СвСвид,@Серия,Level 4 
409,ЕГРЮЛ,СвЮЛ,СвЗапЕГРЮЛ,СвСвид,@Номер,Level 4 
410,ЕГРЮЛ,СвЮЛ,СвЗапЕГРЮЛ,СвСвид,@ДатаВыдСвид,Level 4 
411,ЕГРЮЛ,СвЮЛ,СвЗапЕГРЮЛ, List string 11
412,ЕГРЮЛ,СвЮЛ,СвЗапЕГРЮЛ,@ИдЗап,Level 3 
413,ЕГРЮЛ,СвЮЛ,СвЗапЕГРЮЛ,@ГРН,Level 3 
414,ЕГРЮЛ,СвЮЛ,СвЗапЕГРЮЛ,@ДатаЗап,Level 3 
415,ЕГРЮЛ,СвЮЛ,СвЗапЕГРЮЛ,ВидЗап,Level 3 
416,ЕГРЮЛ,СвЮЛ,СвЗапЕГРЮЛ,ВидЗап,@КодСПВЗ,Level 4 
417,ЕГРЮЛ,СвЮЛ,СвЗапЕГРЮЛ,ВидЗап,@НаимВидЗап,Level 4 
418,ЕГРЮЛ,СвЮЛ,СвЗапЕГРЮЛ,СвРегОрг,Level 3 
419,ЕГРЮЛ,СвЮЛ,СвЗапЕГРЮЛ,СвРегОрг,@КодНО,Level 4 
420,ЕГРЮЛ,СвЮЛ,СвЗапЕГРЮЛ,СвРегОрг,@НаимНО,Level 4 
421,ЕГРЮЛ,СвЮЛ,СвЗапЕГРЮЛ,СведПредДок,Level 3 
422,ЕГРЮЛ,СвЮЛ,СвЗапЕГРЮЛ,СведПредДок,НаимДок,Level 4 
423,ЕГРЮЛ,СвЮЛ,СвЗапЕГРЮЛ,СведПредДок,НомДок,Level 4 
424,ЕГРЮЛ,СвЮЛ,СвЗапЕГРЮЛ,СведПредДок,ДатаДок,Level 4 
425,ЕГРЮЛ,СвЮЛ,СвЗапЕГРЮЛ,СвСвид,Level 3 
426,ЕГРЮЛ,СвЮЛ,СвЗапЕГРЮЛ,СвСвид,@Серия,Level 4 
427,ЕГРЮЛ,СвЮЛ,СвЗапЕГРЮЛ,СвСвид,@Номер,Level 4 
428,ЕГРЮЛ,СвЮЛ,СвЗапЕГРЮЛ,СвСвид,@ДатаВыдСвид,Level 4 
429,ЕГРЮЛ,СвЮЛ,СвЗапЕГРЮЛ, List string 12
430,ЕГРЮЛ,СвЮЛ,СвЗапЕГРЮЛ,@ИдЗап,Level 3 
431,ЕГРЮЛ,СвЮЛ,СвЗапЕГРЮЛ,@ГРН,Level 3 
432,ЕГРЮЛ,СвЮЛ,СвЗапЕГРЮЛ,@ДатаЗап,Level 3 
433,ЕГРЮЛ,СвЮЛ,СвЗапЕГРЮЛ,ВидЗап,Level 3 
434,ЕГРЮЛ,СвЮЛ,СвЗапЕГРЮЛ,ВидЗап,@КодСПВЗ,Level 4 
435,ЕГРЮЛ,СвЮЛ,СвЗапЕГРЮЛ,ВидЗап,@НаимВидЗап,Level 4 
436,ЕГРЮЛ,СвЮЛ,СвЗапЕГРЮЛ,СвРегОрг,Level 3 
437,ЕГРЮЛ,СвЮЛ,СвЗапЕГРЮЛ,СвРегОрг,@КодНО,Level 4 
438,ЕГРЮЛ,СвЮЛ,СвЗапЕГРЮЛ,СвРегОрг,@НаимНО,Level 4 
439,ЕГРЮЛ,СвЮЛ,СвЗапЕГРЮЛ,СвСтатусЗап,Level 3 
440,ЕГРЮЛ,СвЮЛ,СвЗапЕГРЮЛ,СвСтатусЗап,ГРНДатаИспр,Level 4 
441,ЕГРЮЛ,СвЮЛ,СвЗапЕГРЮЛ,СвСтатусЗап,ГРНДатаИспр,@ИдЗап,Level 5 
442,ЕГРЮЛ,СвЮЛ,СвЗапЕГРЮЛ,СвСтатусЗап,ГРНДатаИспр,@ГРН,Level 5 
443,ЕГРЮЛ,СвЮЛ,СвЗапЕГРЮЛ,СвСтатусЗап,ГРНДатаИспр,@ДатаЗап,Level 5 
444,ЕГРЮЛ,СвЮЛ,СвЗапЕГРЮЛ, List string 13
445,ЕГРЮЛ,СвЮЛ,СвЗапЕГРЮЛ,@ИдЗап,Level 3 
446,ЕГРЮЛ,СвЮЛ,СвЗапЕГРЮЛ,@ГРН,Level 3 
447,ЕГРЮЛ,СвЮЛ,СвЗапЕГРЮЛ,@ДатаЗап,Level 3 
448,ЕГРЮЛ,СвЮЛ,СвЗапЕГРЮЛ,ВидЗап,Level 3 
449,ЕГРЮЛ,СвЮЛ,СвЗапЕГРЮЛ,ВидЗап,@КодСПВЗ,Level 4 
450,ЕГРЮЛ,СвЮЛ,СвЗапЕГРЮЛ,ВидЗап,@НаимВидЗап,Level 4 
451,ЕГРЮЛ,СвЮЛ,СвЗапЕГРЮЛ,СвРегОрг,Level 3 
452,ЕГРЮЛ,СвЮЛ,СвЗапЕГРЮЛ,СвРегОрг,@КодНО,Level 4 
453,ЕГРЮЛ,СвЮЛ,СвЗапЕГРЮЛ,СвРегОрг,@НаимНО,Level 4 
454,ЕГРЮЛ,СвЮЛ,СвЗапЕГРЮЛ,СведПредДок,Level 3 
455,ЕГРЮЛ,СвЮЛ,СвЗапЕГРЮЛ,СведПредДок, List string 1
456,ЕГРЮЛ,СвЮЛ,СвЗапЕГРЮЛ,СведПредДок,НаимДок,Level 4 
457,ЕГРЮЛ,СвЮЛ,СвЗапЕГРЮЛ,СведПредДок,НомДок,Level 4 
458,ЕГРЮЛ,СвЮЛ,СвЗапЕГРЮЛ,СведПредДок,ДатаДок,Level 4 
459,ЕГРЮЛ,СвЮЛ,СвЗапЕГРЮЛ,СведПредДок, List string 2
460,ЕГРЮЛ,СвЮЛ,СвЗапЕГРЮЛ,СведПредДок,НаимДок,Level 4 
461,ЕГРЮЛ,СвЮЛ,СвЗапЕГРЮЛ,СведПредДок,НомДок,Level 4 
462,ЕГРЮЛ,СвЮЛ,СвЗапЕГРЮЛ,СведПредДок,ДатаДок,Level 4 
463,ЕГРЮЛ,СвЮЛ,СвЗапЕГРЮЛ,СведПредДок, List string 3
464,ЕГРЮЛ,СвЮЛ,СвЗапЕГРЮЛ,СведПредДок,НаимДок,Level 4 
465,ЕГРЮЛ,СвЮЛ,СвЗапЕГРЮЛ,СведПредДок,ДатаДок,Level 4 
466,ЕГРЮЛ,СвЮЛ,СвЗапЕГРЮЛ,СведПредДок, List string 4
467,ЕГРЮЛ,СвЮЛ,СвЗапЕГРЮЛ,СведПредДок,НаимДок,Level 4 
468,ЕГРЮЛ,СвЮЛ,СвЗапЕГРЮЛ,СведПредДок,ДатаДок,Level 4 
469,ЕГРЮЛ,СвЮЛ,СвЗапЕГРЮЛ,СвСвид,Level 3 
470,ЕГРЮЛ,СвЮЛ,СвЗапЕГРЮЛ,СвСвид,@Серия,Level 4 
471,ЕГРЮЛ,СвЮЛ,СвЗапЕГРЮЛ,СвСвид,@Номер,Level 4 
472,ЕГРЮЛ,СвЮЛ,СвЗапЕГРЮЛ,СвСвид,@ДатаВыдСвид,Level 4 
473,ЕГРЮЛ,СвЮЛ,СвЗапЕГРЮЛ, List string 14
474,ЕГРЮЛ,СвЮЛ,СвЗапЕГРЮЛ,@ИдЗап,Level 3 
475,ЕГРЮЛ,СвЮЛ,СвЗапЕГРЮЛ,@ГРН,Level 3 
476,ЕГРЮЛ,СвЮЛ,СвЗапЕГРЮЛ,@ДатаЗап,Level 3 
477,ЕГРЮЛ,СвЮЛ,СвЗапЕГРЮЛ,ВидЗап,Level 3 
478,ЕГРЮЛ,СвЮЛ,СвЗапЕГРЮЛ,ВидЗап,@КодСПВЗ,Level 4 
479,ЕГРЮЛ,СвЮЛ,СвЗапЕГРЮЛ,ВидЗап,@НаимВидЗап,Level 4 
480,ЕГРЮЛ,СвЮЛ,СвЗапЕГРЮЛ,СвРегОрг,Level 3 
481,ЕГРЮЛ,СвЮЛ,СвЗапЕГРЮЛ,СвРегОрг,@КодНО,Level 4 
482,ЕГРЮЛ,СвЮЛ,СвЗапЕГРЮЛ,СвРегОрг,@НаимНО,Level 4 
483,ЕГРЮЛ,СвЮЛ,СвЗапЕГРЮЛ,СведПредДок,Level 3 
484,ЕГРЮЛ,СвЮЛ,СвЗапЕГРЮЛ,СведПредДок,НаимДок,Level 4 
485,ЕГРЮЛ,СвЮЛ,СвЗапЕГРЮЛ,СведПредДок,НомДок,Level 4 
486,ЕГРЮЛ,СвЮЛ,СвЗапЕГРЮЛ,СведПредДок,ДатаДок,Level 4 
487,ЕГРЮЛ,СвЮЛ,СвЗапЕГРЮЛ,СвСвид,Level 3 
488,ЕГРЮЛ,СвЮЛ,СвЗапЕГРЮЛ,СвСвид,@Серия,Level 4 
489,ЕГРЮЛ,СвЮЛ,СвЗапЕГРЮЛ,СвСвид,@Номер,Level 4 
490,ЕГРЮЛ,СвЮЛ,СвЗапЕГРЮЛ,СвСвид,@ДатаВыдСвид,Level 4 
491,ЕГРЮЛ,СвЮЛ,СвЗапЕГРЮЛ, List string 15
492,ЕГРЮЛ,СвЮЛ,СвЗапЕГРЮЛ,@ИдЗап,Level 3 
493,ЕГРЮЛ,СвЮЛ,СвЗапЕГРЮЛ,@ГРН,Level 3 
494,ЕГРЮЛ,СвЮЛ,СвЗапЕГРЮЛ,@ДатаЗап,Level 3 
495,ЕГРЮЛ,СвЮЛ,СвЗапЕГРЮЛ,ВидЗап,Level 3 
496,ЕГРЮЛ,СвЮЛ,СвЗапЕГРЮЛ,ВидЗап,@КодСПВЗ,Level 4 
497,ЕГРЮЛ,СвЮЛ,СвЗапЕГРЮЛ,ВидЗап,@НаимВидЗап,Level 4 
498,ЕГРЮЛ,СвЮЛ,СвЗапЕГРЮЛ,СвРегОрг,Level 3 
499,ЕГРЮЛ,СвЮЛ,СвЗапЕГРЮЛ,СвРегОрг,@КодНО,Level 4 
500,ЕГРЮЛ,СвЮЛ,СвЗапЕГРЮЛ,СвРегОрг,@НаимНО,Level 4 
501,ЕГРЮЛ,СвЮЛ,СвЗапЕГРЮЛ,СведПредДок,Level 3 
502,ЕГРЮЛ,СвЮЛ,СвЗапЕГРЮЛ,СведПредДок,НаимДок,Level 4 
503,ЕГРЮЛ,СвЮЛ,СвЗапЕГРЮЛ,СведПредДок,НомДок,Level 4 
504,ЕГРЮЛ,СвЮЛ,СвЗапЕГРЮЛ,СведПредДок,ДатаДок,Level 4 
505,ЕГРЮЛ,СвЮЛ,СвЗапЕГРЮЛ,СвСвид,Level 3 
506,ЕГРЮЛ,СвЮЛ,СвЗапЕГРЮЛ,СвСвид,@Серия,Level 4 
507,ЕГРЮЛ,СвЮЛ,СвЗапЕГРЮЛ,СвСвид,@Номер,Level 4 
508,ЕГРЮЛ,СвЮЛ,СвЗапЕГРЮЛ,СвСвид,@ДатаВыдСвид,Level 4 
509,ЕГРЮЛ,СвЮЛ,СвЗапЕГРЮЛ, List string 16
510,ЕГРЮЛ,СвЮЛ,СвЗапЕГРЮЛ,@ИдЗап,Level 3 
511,ЕГРЮЛ,СвЮЛ,СвЗапЕГРЮЛ,@ГРН,Level 3 
512,ЕГРЮЛ,СвЮЛ,СвЗапЕГРЮЛ,@ДатаЗап,Level 3 
513,ЕГРЮЛ,СвЮЛ,СвЗапЕГРЮЛ,ВидЗап,Level 3 
514,ЕГРЮЛ,СвЮЛ,СвЗапЕГРЮЛ,ВидЗап,@КодСПВЗ,Level 4 
515,ЕГРЮЛ,СвЮЛ,СвЗапЕГРЮЛ,ВидЗап,@НаимВидЗап,Level 4 
516,ЕГРЮЛ,СвЮЛ,СвЗапЕГРЮЛ,СвРегОрг,Level 3 
517,ЕГРЮЛ,СвЮЛ,СвЗапЕГРЮЛ,СвРегОрг,@КодНО,Level 4 
518,ЕГРЮЛ,СвЮЛ,СвЗапЕГРЮЛ,СвРегОрг,@НаимНО,Level 4 
519,ЕГРЮЛ,СвЮЛ,СвЗапЕГРЮЛ, List string 17
520,ЕГРЮЛ,СвЮЛ,СвЗапЕГРЮЛ,@ИдЗап,Level 3 
521,ЕГРЮЛ,СвЮЛ,СвЗапЕГРЮЛ,@ГРН,Level 3 
522,ЕГРЮЛ,СвЮЛ,СвЗапЕГРЮЛ,@ДатаЗап,Level 3 
523,ЕГРЮЛ,СвЮЛ,СвЗапЕГРЮЛ,ВидЗап,Level 3 
524,ЕГРЮЛ,СвЮЛ,СвЗапЕГРЮЛ,ВидЗап,@КодСПВЗ,Level 4 
525,ЕГРЮЛ,СвЮЛ,СвЗапЕГРЮЛ,ВидЗап,@НаимВидЗап,Level 4 
526,ЕГРЮЛ,СвЮЛ,СвЗапЕГРЮЛ,СвРегОрг,Level 3 
527,ЕГРЮЛ,СвЮЛ,СвЗапЕГРЮЛ,СвРегОрг,@КодНО,Level 4 
528,ЕГРЮЛ,СвЮЛ,СвЗапЕГРЮЛ,СвРегОрг,@НаимНО,Level 4 
529,ЕГРЮЛ,СвЮЛ,СвЗапЕГРЮЛ,СведПредДок,Level 3 
530,ЕГРЮЛ,СвЮЛ,СвЗапЕГРЮЛ,СведПредДок,НаимДок,Level 4 
531,ЕГРЮЛ,СвЮЛ,СвЗапЕГРЮЛ,СведПредДок,НомДок,Level 4 
532,ЕГРЮЛ,СвЮЛ,СвЗапЕГРЮЛ,СведПредДок,ДатаДок,Level 4 
533,ЕГРЮЛ,СвЮЛ,СвЗапЕГРЮЛ,СвСвид,Level 3 
534,ЕГРЮЛ,СвЮЛ,СвЗапЕГРЮЛ,СвСвид,@Серия,Level 4 
535,ЕГРЮЛ,СвЮЛ,СвЗапЕГРЮЛ,СвСвид,@Номер,Level 4 
536,ЕГРЮЛ,СвЮЛ,СвЗапЕГРЮЛ,СвСвид,@ДатаВыдСвид,Level 4 
537,ЕГРЮЛ,СвЮЛ,СвЗапЕГРЮЛ, List string 18
538,ЕГРЮЛ,СвЮЛ,СвЗапЕГРЮЛ,@ИдЗап,Level 3 
539,ЕГРЮЛ,СвЮЛ,СвЗапЕГРЮЛ,@ГРН,Level 3 
540,ЕГРЮЛ,СвЮЛ,СвЗапЕГРЮЛ,@ДатаЗап,Level 3 
541,ЕГРЮЛ,СвЮЛ,СвЗапЕГРЮЛ,ВидЗап,Level 3 
542,ЕГРЮЛ,СвЮЛ,СвЗапЕГРЮЛ,ВидЗап,@КодСПВЗ,Level 4 
543,ЕГРЮЛ,СвЮЛ,СвЗапЕГРЮЛ,ВидЗап,@НаимВидЗап,Level 4 
544,ЕГРЮЛ,СвЮЛ,СвЗапЕГРЮЛ,СвРегОрг,Level 3 
545,ЕГРЮЛ,СвЮЛ,СвЗапЕГРЮЛ,СвРегОрг,@КодНО,Level 4 
546,ЕГРЮЛ,СвЮЛ,СвЗапЕГРЮЛ,СвРегОрг,@НаимНО,Level 4 
547,ЕГРЮЛ,СвЮЛ,СвЗапЕГРЮЛ,ГРНДатаИспрПред,Level 3 
548,ЕГРЮЛ,СвЮЛ,СвЗапЕГРЮЛ,ГРНДатаИспрПред,@ИдЗап,Level 4 
549,ЕГРЮЛ,СвЮЛ,СвЗапЕГРЮЛ,ГРНДатаИспрПред,@ГРН,Level 4 
550,ЕГРЮЛ,СвЮЛ,СвЗапЕГРЮЛ,ГРНДатаИспрПред,@ДатаЗап,Level 4 
551,ЕГРЮЛ,СвЮЛ,СвЗапЕГРЮЛ, List string 19
552,ЕГРЮЛ,СвЮЛ,СвЗапЕГРЮЛ,@ИдЗап,Level 3 
553,ЕГРЮЛ,СвЮЛ,СвЗапЕГРЮЛ,@ГРН,Level 3 
554,ЕГРЮЛ,СвЮЛ,СвЗапЕГРЮЛ,@ДатаЗап,Level 3 
555,ЕГРЮЛ,СвЮЛ,СвЗапЕГРЮЛ,ВидЗап,Level 3 
556,ЕГРЮЛ,СвЮЛ,СвЗапЕГРЮЛ,ВидЗап,@КодСПВЗ,Level 4 
557,ЕГРЮЛ,СвЮЛ,СвЗапЕГРЮЛ,ВидЗап,@НаимВидЗап,Level 4 
558,ЕГРЮЛ,СвЮЛ,СвЗапЕГРЮЛ,СвРегОрг,Level 3 
559,ЕГРЮЛ,СвЮЛ,СвЗапЕГРЮЛ,СвРегОрг,@КодНО,Level 4 
560,ЕГРЮЛ,СвЮЛ,СвЗапЕГРЮЛ,СвРегОрг,@НаимНО,Level 4 
561,ЕГРЮЛ,СвЮЛ,СвЗапЕГРЮЛ,СведПредДок,Level 3 
562,ЕГРЮЛ,СвЮЛ,СвЗапЕГРЮЛ,СведПредДок, List string 1
563,ЕГРЮЛ,СвЮЛ,СвЗапЕГРЮЛ,СведПредДок,НаимДок,Level 4 
564,ЕГРЮЛ,СвЮЛ,СвЗапЕГРЮЛ,СведПредДок,НомДок,Level 4 
565,ЕГРЮЛ,СвЮЛ,СвЗапЕГРЮЛ,СведПредДок,ДатаДок,Level 4 
566,ЕГРЮЛ,СвЮЛ,СвЗапЕГРЮЛ,СведПредДок, List string 2
567,ЕГРЮЛ,СвЮЛ,СвЗапЕГРЮЛ,СведПредДок,НаимДок,Level 4 
568,ЕГРЮЛ,СвЮЛ,СвЗапЕГРЮЛ,СведПредДок,ДатаДок,Level 4 
569,ЕГРЮЛ,СвЮЛ,СвЗапЕГРЮЛ,СведПредДок, List string 3
570,ЕГРЮЛ,СвЮЛ,СвЗапЕГРЮЛ,СведПредДок,НаимДок,Level 4 
571,ЕГРЮЛ,СвЮЛ,СвЗапЕГРЮЛ,СведПредДок, List string 4
572,ЕГРЮЛ,СвЮЛ,СвЗапЕГРЮЛ,СведПредДок,НаимДок,Level 4 
573,ЕГРЮЛ,СвЮЛ,СвЗапЕГРЮЛ,СведПредДок,НомДок,Level 4 
574,ЕГРЮЛ,СвЮЛ,СвЗапЕГРЮЛ,СведПредДок,ДатаДок,Level 4 
575,ЕГРЮЛ,СвЮЛ,СвЗапЕГРЮЛ,СвСвид,Level 3 
576,ЕГРЮЛ,СвЮЛ,СвЗапЕГРЮЛ,СвСвид,@Серия,Level 4 
577,ЕГРЮЛ,СвЮЛ,СвЗапЕГРЮЛ,СвСвид,@Номер,Level 4 
578,ЕГРЮЛ,СвЮЛ,СвЗапЕГРЮЛ,СвСвид,@ДатаВыдСвид,Level 4 
579,ЕГРЮЛ,СвЮЛ,СвЗапЕГРЮЛ, List string 20
580,ЕГРЮЛ,СвЮЛ,СвЗапЕГРЮЛ,@ИдЗап,Level 3 
581,ЕГРЮЛ,СвЮЛ,СвЗапЕГРЮЛ,@ГРН,Level 3 
582,ЕГРЮЛ,СвЮЛ,СвЗапЕГРЮЛ,@ДатаЗап,Level 3 
583,ЕГРЮЛ,СвЮЛ,СвЗапЕГРЮЛ,ВидЗап,Level 3 
584,ЕГРЮЛ,СвЮЛ,СвЗапЕГРЮЛ,ВидЗап,@КодСПВЗ,Level 4 
585,ЕГРЮЛ,СвЮЛ,СвЗапЕГРЮЛ,ВидЗап,@НаимВидЗап,Level 4 
586,ЕГРЮЛ,СвЮЛ,СвЗапЕГРЮЛ,СвРегОрг,Level 3 
587,ЕГРЮЛ,СвЮЛ,СвЗапЕГРЮЛ,СвРегОрг,@КодНО,Level 4 
588,ЕГРЮЛ,СвЮЛ,СвЗапЕГРЮЛ,СвРегОрг,@НаимНО,Level 4 
589,ЕГРЮЛ,СвЮЛ,СвЗапЕГРЮЛ,СвСвид,Level 3 
590,ЕГРЮЛ,СвЮЛ,СвЗапЕГРЮЛ,СвСвид,@Серия,Level 4 
591,ЕГРЮЛ,СвЮЛ,СвЗапЕГРЮЛ,СвСвид,@Номер,Level 4 
592,ЕГРЮЛ,СвЮЛ,СвЗапЕГРЮЛ,СвСвид,@ДатаВыдСвид,Level 4 
593,ЕГРЮЛ,СвЮЛ,СвЗапЕГРЮЛ,ГРНДатаИспрПред,Level 3 
594,ЕГРЮЛ,СвЮЛ,СвЗапЕГРЮЛ,ГРНДатаИспрПред,@ИдЗап,Level 4 
595,ЕГРЮЛ,СвЮЛ,СвЗапЕГРЮЛ,ГРНДатаИспрПред,@ГРН,Level 4 
596,ЕГРЮЛ,СвЮЛ,СвЗапЕГРЮЛ,ГРНДатаИспрПред,@ДатаЗап,Level 4 
597,ЕГРЮЛ,СвЮЛ,СвЗапЕГРЮЛ, List string 21
598,ЕГРЮЛ,СвЮЛ,СвЗапЕГРЮЛ,@ИдЗап,Level 3 
599,ЕГРЮЛ,СвЮЛ,СвЗапЕГРЮЛ,@ГРН,Level 3 
600,ЕГРЮЛ,СвЮЛ,СвЗапЕГРЮЛ,@ДатаЗап,Level 3 
601,ЕГРЮЛ,СвЮЛ,СвЗапЕГРЮЛ,ВидЗап,Level 3 
602,ЕГРЮЛ,СвЮЛ,СвЗапЕГРЮЛ,ВидЗап,@КодСПВЗ,Level 4 
603,ЕГРЮЛ,СвЮЛ,СвЗапЕГРЮЛ,ВидЗап,@НаимВидЗап,Level 4 
604,ЕГРЮЛ,СвЮЛ,СвЗапЕГРЮЛ,СвРегОрг,Level 3 
605,ЕГРЮЛ,СвЮЛ,СвЗапЕГРЮЛ,СвРегОрг,@КодНО,Level 4 
606,ЕГРЮЛ,СвЮЛ,СвЗапЕГРЮЛ,СвРегОрг,@НаимНО,Level 4 
607,ЕГРЮЛ,СвЮЛ,СвЗапЕГРЮЛ, List string 22
608,ЕГРЮЛ,СвЮЛ,СвЗапЕГРЮЛ,@ИдЗап,Level 3 
609,ЕГРЮЛ,СвЮЛ,СвЗапЕГРЮЛ,@ГРН,Level 3 
610,ЕГРЮЛ,СвЮЛ,СвЗапЕГРЮЛ,@ДатаЗап,Level 3 
611,ЕГРЮЛ,СвЮЛ,СвЗапЕГРЮЛ,ВидЗап,Level 3 
612,ЕГРЮЛ,СвЮЛ,СвЗапЕГРЮЛ,ВидЗап,@КодСПВЗ,Level 4 
613,ЕГРЮЛ,СвЮЛ,СвЗапЕГРЮЛ,ВидЗап,@НаимВидЗап,Level 4 
614,ЕГРЮЛ,СвЮЛ,СвЗапЕГРЮЛ,СвРегОрг,Level 3 
615,ЕГРЮЛ,СвЮЛ,СвЗапЕГРЮЛ,СвРегОрг,@КодНО,Level 4 
616,ЕГРЮЛ,СвЮЛ,СвЗапЕГРЮЛ,СвРегОрг,@НаимНО,Level 4 
617,ЕГРЮЛ,СвЮЛ,СвЗапЕГРЮЛ,ГРНДатаИспрПред,Level 3 
618,ЕГРЮЛ,СвЮЛ,СвЗапЕГРЮЛ,ГРНДатаИспрПред,@ИдЗап,Level 4 
619,ЕГРЮЛ,СвЮЛ,СвЗапЕГРЮЛ,ГРНДатаИспрПред,@ГРН,Level 4 
620,ЕГРЮЛ,СвЮЛ,СвЗапЕГРЮЛ,ГРНДатаИспрПред,@ДатаЗап,Level 4 
621,ЕГРЮЛ,СвЮЛ,СвЗапЕГРЮЛ, List string 23
622,ЕГРЮЛ,СвЮЛ,СвЗапЕГРЮЛ,@ИдЗап,Level 3 
623,ЕГРЮЛ,СвЮЛ,СвЗапЕГРЮЛ,@ГРН,Level 3 
624,ЕГРЮЛ,СвЮЛ,СвЗапЕГРЮЛ,@ДатаЗап,Level 3 
625,ЕГРЮЛ,СвЮЛ,СвЗапЕГРЮЛ,ВидЗап,Level 3 
626,ЕГРЮЛ,СвЮЛ,СвЗапЕГРЮЛ,ВидЗап,@КодСПВЗ,Level 4 
627,ЕГРЮЛ,СвЮЛ,СвЗапЕГРЮЛ,ВидЗап,@НаимВидЗап,Level 4 
628,ЕГРЮЛ,СвЮЛ,СвЗапЕГРЮЛ,СвРегОрг,Level 3 
629,ЕГРЮЛ,СвЮЛ,СвЗапЕГРЮЛ,СвРегОрг,@КодНО,Level 4 
630,ЕГРЮЛ,СвЮЛ,СвЗапЕГРЮЛ,СвРегОрг,@НаимНО,Level 4 
631,ЕГРЮЛ,СвЮЛ,СвЗапЕГРЮЛ,СведПредДок,Level 3 
632,ЕГРЮЛ,СвЮЛ,СвЗапЕГРЮЛ,СведПредДок, List string 1
633,ЕГРЮЛ,СвЮЛ,СвЗапЕГРЮЛ,СведПредДок,НаимДок,Level 4 
634,ЕГРЮЛ,СвЮЛ,СвЗапЕГРЮЛ,СведПредДок,ДатаДок,Level 4 
635,ЕГРЮЛ,СвЮЛ,СвЗапЕГРЮЛ,СведПредДок, List string 2
636,ЕГРЮЛ,СвЮЛ,СвЗапЕГРЮЛ,СведПредДок,НаимДок,Level 4 
637,ЕГРЮЛ,СвЮЛ,СвЗапЕГРЮЛ,СведПредДок,НомДок,Level 4 
638,ЕГРЮЛ,СвЮЛ,СвЗапЕГРЮЛ,СведПредДок,ДатаДок,Level 4 
639,ЕГРЮЛ,СвЮЛ,СвЗапЕГРЮЛ,СведПредДок, List string 3
640,ЕГРЮЛ,СвЮЛ,СвЗапЕГРЮЛ,СведПредДок,НаимДок,Level 4 
641,ЕГРЮЛ,СвЮЛ,СвЗапЕГРЮЛ,СведПредДок,ДатаДок,Level 4 
642,ЕГРЮЛ,СвЮЛ,СвЗапЕГРЮЛ,СведПредДок, List string 4
643,ЕГРЮЛ,СвЮЛ,СвЗапЕГРЮЛ,СведПредДок,НаимДок,Level 4 
644,ЕГРЮЛ,СвЮЛ,СвЗапЕГРЮЛ,СведПредДок,ДатаДок,Level 4 
645,ЕГРЮЛ,СвЮЛ,СвЗапЕГРЮЛ,СвСтатусЗап,Level 3 
646,ЕГРЮЛ,СвЮЛ,СвЗапЕГРЮЛ,СвСтатусЗап,ГРНДатаИспр,Level 4 
647,ЕГРЮЛ,СвЮЛ,СвЗапЕГРЮЛ,СвСтатусЗап,ГРНДатаИспр,@ИдЗап,Level 5 
648,ЕГРЮЛ,СвЮЛ,СвЗапЕГРЮЛ,СвСтатусЗап,ГРНДатаИспр,@ГРН,Level 5 
649,ЕГРЮЛ,СвЮЛ,СвЗапЕГРЮЛ,СвСтатусЗап,ГРНДатаИспр,@ДатаЗап,Level 5 
650,ЕГРЮЛ,СвЮЛ,СвЗапЕГРЮЛ, List string 24
651,ЕГРЮЛ,СвЮЛ,СвЗапЕГРЮЛ,@ИдЗап,Level 3 
652,ЕГРЮЛ,СвЮЛ,СвЗапЕГРЮЛ,@ГРН,Level 3 
653,ЕГРЮЛ,СвЮЛ,СвЗапЕГРЮЛ,@ДатаЗап,Level 3 
654,ЕГРЮЛ,СвЮЛ,СвЗапЕГРЮЛ,ВидЗап,Level 3 
655,ЕГРЮЛ,СвЮЛ,СвЗапЕГРЮЛ,ВидЗап,@КодСПВЗ,Level 4 
656,ЕГРЮЛ,СвЮЛ,СвЗапЕГРЮЛ,ВидЗап,@НаимВидЗап,Level 4 
657,ЕГРЮЛ,СвЮЛ,СвЗапЕГРЮЛ,СвРегОрг,Level 3 
658,ЕГРЮЛ,СвЮЛ,СвЗапЕГРЮЛ,СвРегОрг,@КодНО,Level 4 
659,ЕГРЮЛ,СвЮЛ,СвЗапЕГРЮЛ,СвРегОрг,@НаимНО,Level 4 
660,ЕГРЮЛ,СвЮЛ,СвЗапЕГРЮЛ,СведПредДок,Level 3 
661,ЕГРЮЛ,СвЮЛ,СвЗапЕГРЮЛ,СведПредДок,НаимДок,Level 4 
662,ЕГРЮЛ,СвЮЛ,СвЗапЕГРЮЛ,СведПредДок,НомДок,Level 4 
663,ЕГРЮЛ,СвЮЛ,СвЗапЕГРЮЛ,СведПредДок,ДатаДок,Level 4 
664,ЕГРЮЛ,СвЮЛ,СвЗапЕГРЮЛ,СвСвид,Level 3 
665,ЕГРЮЛ,СвЮЛ,СвЗапЕГРЮЛ,СвСвид,@Серия,Level 4 
666,ЕГРЮЛ,СвЮЛ,СвЗапЕГРЮЛ,СвСвид,@Номер,Level 4 
667,ЕГРЮЛ,СвЮЛ,СвЗапЕГРЮЛ,СвСвид,@ДатаВыдСвид,Level 4 
668,ЕГРЮЛ,СвЮЛ,СвЗапЕГРЮЛ, List string 25
669,ЕГРЮЛ,СвЮЛ,СвЗапЕГРЮЛ,@ИдЗап,Level 3 
670,ЕГРЮЛ,СвЮЛ,СвЗапЕГРЮЛ,@ГРН,Level 3 
671,ЕГРЮЛ,СвЮЛ,СвЗапЕГРЮЛ,@ДатаЗап,Level 3 
672,ЕГРЮЛ,СвЮЛ,СвЗапЕГРЮЛ,ВидЗап,Level 3 
673,ЕГРЮЛ,СвЮЛ,СвЗапЕГРЮЛ,ВидЗап,@КодСПВЗ,Level 4 
674,ЕГРЮЛ,СвЮЛ,СвЗапЕГРЮЛ,ВидЗап,@НаимВидЗап,Level 4 
675,ЕГРЮЛ,СвЮЛ,СвЗапЕГРЮЛ,СвРегОрг,Level 3 
676,ЕГРЮЛ,СвЮЛ,СвЗапЕГРЮЛ,СвРегОрг,@КодНО,Level 4 
677,ЕГРЮЛ,СвЮЛ,СвЗапЕГРЮЛ,СвРегОрг,@НаимНО,Level 4 
678,ЕГРЮЛ,СвЮЛ,СвЗапЕГРЮЛ,СведПредДок,Level 3 
679,ЕГРЮЛ,СвЮЛ,СвЗапЕГРЮЛ,СведПредДок, List string 1
680,ЕГРЮЛ,СвЮЛ,СвЗапЕГРЮЛ,СведПредДок,НаимДок,Level 4 
681,ЕГРЮЛ,СвЮЛ,СвЗапЕГРЮЛ,СведПредДок,ДатаДок,Level 4 
682,ЕГРЮЛ,СвЮЛ,СвЗапЕГРЮЛ,СведПредДок, List string 2
683,ЕГРЮЛ,СвЮЛ,СвЗапЕГРЮЛ,СведПредДок,НаимДок,Level 4 
684,ЕГРЮЛ,СвЮЛ,СвЗапЕГРЮЛ,ГРНДатаИспрПред,Level 3 
685,ЕГРЮЛ,СвЮЛ,СвЗапЕГРЮЛ,ГРНДатаИспрПред,@ИдЗап,Level 4 
686,ЕГРЮЛ,СвЮЛ,СвЗапЕГРЮЛ,ГРНДатаИспрПред,@ГРН,Level 4 
687,ЕГРЮЛ,СвЮЛ,СвЗапЕГРЮЛ,ГРНДатаИспрПред,@ДатаЗап,Level 4 
688,ЕГРЮЛ,СвЮЛ,СвЗапЕГРЮЛ, List string 26
689,ЕГРЮЛ,СвЮЛ,СвЗапЕГРЮЛ,@ИдЗап,Level 3 
690,ЕГРЮЛ,СвЮЛ,СвЗапЕГРЮЛ,@ГРН,Level 3 
691,ЕГРЮЛ,СвЮЛ,СвЗапЕГРЮЛ,@ДатаЗап,Level 3 
692,ЕГРЮЛ,СвЮЛ,СвЗапЕГРЮЛ,ВидЗап,Level 3 
693,ЕГРЮЛ,СвЮЛ,СвЗапЕГРЮЛ,ВидЗап,@КодСПВЗ,Level 4 
694,ЕГРЮЛ,СвЮЛ,СвЗапЕГРЮЛ,ВидЗап,@НаимВидЗап,Level 4 
695,ЕГРЮЛ,СвЮЛ,СвЗапЕГРЮЛ,СвРегОрг,Level 3 
696,ЕГРЮЛ,СвЮЛ,СвЗапЕГРЮЛ,СвРегОрг,@КодНО,Level 4 
697,ЕГРЮЛ,СвЮЛ,СвЗапЕГРЮЛ,СвРегОрг,@НаимНО,Level 4 
698,ЕГРЮЛ,СвЮЛ,СвЗапЕГРЮЛ, List string 27
699,ЕГРЮЛ,СвЮЛ,СвЗапЕГРЮЛ,@ИдЗап,Level 3 
700,ЕГРЮЛ,СвЮЛ,СвЗапЕГРЮЛ,@ГРН,Level 3 
701,ЕГРЮЛ,СвЮЛ,СвЗапЕГРЮЛ,@ДатаЗап,Level 3 
702,ЕГРЮЛ,СвЮЛ,СвЗапЕГРЮЛ,ВидЗап,Level 3 
703,ЕГРЮЛ,СвЮЛ,СвЗапЕГРЮЛ,ВидЗап,@КодСПВЗ,Level 4 
704,ЕГРЮЛ,СвЮЛ,СвЗапЕГРЮЛ,ВидЗап,@НаимВидЗап,Level 4 
705,ЕГРЮЛ,СвЮЛ,СвЗапЕГРЮЛ,СвРегОрг,Level 3 
706,ЕГРЮЛ,СвЮЛ,СвЗапЕГРЮЛ,СвРегОрг,@КодНО,Level 4 
707,ЕГРЮЛ,СвЮЛ,СвЗапЕГРЮЛ,СвРегОрг,@НаимНО,Level 4 
708,ЕГРЮЛ,СвЮЛ,СвЗапЕГРЮЛ, List string 28
709,ЕГРЮЛ,СвЮЛ,СвЗапЕГРЮЛ,@ИдЗап,Level 3 
710,ЕГРЮЛ,СвЮЛ,СвЗапЕГРЮЛ,@ГРН,Level 3 
711,ЕГРЮЛ,СвЮЛ,СвЗапЕГРЮЛ,@ДатаЗап,Level 3 
712,ЕГРЮЛ,СвЮЛ,СвЗапЕГРЮЛ,ВидЗап,Level 3 
713,ЕГРЮЛ,СвЮЛ,СвЗапЕГРЮЛ,ВидЗап,@КодСПВЗ,Level 4 
714,ЕГРЮЛ,СвЮЛ,СвЗапЕГРЮЛ,ВидЗап,@НаимВидЗап,Level 4 
715,ЕГРЮЛ,СвЮЛ,СвЗапЕГРЮЛ,СвРегОрг,Level 3 
716,ЕГРЮЛ,СвЮЛ,СвЗапЕГРЮЛ,СвРегОрг,@КодНО,Level 4 
717,ЕГРЮЛ,СвЮЛ,СвЗапЕГРЮЛ,СвРегОрг,@НаимНО,Level 4 
718,ЕГРЮЛ,СвЮЛ,СвЗапЕГРЮЛ,СведПредДок,Level 3 
719,ЕГРЮЛ,СвЮЛ,СвЗапЕГРЮЛ,СведПредДок,НаимДок,Level 4 
720,ЕГРЮЛ,СвЮЛ,СвЗапЕГРЮЛ, List string 29
721,ЕГРЮЛ,СвЮЛ,СвЗапЕГРЮЛ,@ИдЗап,Level 3 
722,ЕГРЮЛ,СвЮЛ,СвЗапЕГРЮЛ,@ГРН,Level 3 
723,ЕГРЮЛ,СвЮЛ,СвЗапЕГРЮЛ,@ДатаЗап,Level 3 
724,ЕГРЮЛ,СвЮЛ,СвЗапЕГРЮЛ,ВидЗап,Level 3 
725,ЕГРЮЛ,СвЮЛ,СвЗапЕГРЮЛ,ВидЗап,@КодСПВЗ,Level 4 
726,ЕГРЮЛ,СвЮЛ,СвЗапЕГРЮЛ,ВидЗап,@НаимВидЗап,Level 4 
727,ЕГРЮЛ,СвЮЛ,СвЗапЕГРЮЛ,СвРегОрг,Level 3 
728,ЕГРЮЛ,СвЮЛ,СвЗапЕГРЮЛ,СвРегОрг,@КодНО,Level 4 
729,ЕГРЮЛ,СвЮЛ,СвЗапЕГРЮЛ,СвРегОрг,@НаимНО,Level 4 
730,ЕГРЮЛ,СвЮЛ,СвЗапЕГРЮЛ,СведПредДок,Level 3 
731,ЕГРЮЛ,СвЮЛ,СвЗапЕГРЮЛ,СведПредДок, List string 1
732,ЕГРЮЛ,СвЮЛ,СвЗапЕГРЮЛ,СведПредДок,НаимДок,Level 4 
733,ЕГРЮЛ,СвЮЛ,СвЗапЕГРЮЛ,СведПредДок,ДатаДок,Level 4 
734,ЕГРЮЛ,СвЮЛ,СвЗапЕГРЮЛ,СведПредДок, List string 2
735,ЕГРЮЛ,СвЮЛ,СвЗапЕГРЮЛ,СведПредДок,НаимДок,Level 4 
736,ЕГРЮЛ,СвЮЛ,СвЗапЕГРЮЛ,СведПредДок,ДатаДок,Level 4 
737,ЕГРЮЛ,СвЮЛ,СвЗапЕГРЮЛ,СведПредДок, List string 3
738,ЕГРЮЛ,СвЮЛ,СвЗапЕГРЮЛ,СведПредДок,НаимДок,Level 4 
739,ЕГРЮЛ,СвЮЛ,СвЗапЕГРЮЛ,СведПредДок,НомДок,Level 4 
740,ЕГРЮЛ,СвЮЛ,СвЗапЕГРЮЛ,СведПредДок,ДатаДок,Level 4 
741,ЕГРЮЛ,СвЮЛ,СвЗапЕГРЮЛ,СведПредДок, List string 4
742,ЕГРЮЛ,СвЮЛ,СвЗапЕГРЮЛ,СведПредДок,НаимДок,Level 4 
743,ЕГРЮЛ,СвЮЛ,СвЗапЕГРЮЛ,СведПредДок,ДатаДок,Level 4 
744,ЕГРЮЛ,СвЮЛ,СвЗапЕГРЮЛ, List string 30
745,ЕГРЮЛ,СвЮЛ,СвЗапЕГРЮЛ,@ИдЗап,Level 3 
746,ЕГРЮЛ,СвЮЛ,СвЗапЕГРЮЛ,@ГРН,Level 3 
747,ЕГРЮЛ,СвЮЛ,СвЗапЕГРЮЛ,@ДатаЗап,Level 3 
748,ЕГРЮЛ,СвЮЛ,СвЗапЕГРЮЛ,ВидЗап,Level 3 
749,ЕГРЮЛ,СвЮЛ,СвЗапЕГРЮЛ,ВидЗап,@КодСПВЗ,Level 4 
750,ЕГРЮЛ,СвЮЛ,СвЗапЕГРЮЛ,ВидЗап,@НаимВидЗап,Level 4 
751,ЕГРЮЛ,СвЮЛ,СвЗапЕГРЮЛ,СвРегОрг,Level 3 
752,ЕГРЮЛ,СвЮЛ,СвЗапЕГРЮЛ,СвРегОрг,@КодНО,Level 4 
753,ЕГРЮЛ,СвЮЛ,СвЗапЕГРЮЛ,СвРегОрг,@НаимНО,Level 4 
754,ЕГРЮЛ,СвЮЛ,СвЗапЕГРЮЛ, List string 31
755,ЕГРЮЛ,СвЮЛ,СвЗапЕГРЮЛ,@ИдЗап,Level 3 
756,ЕГРЮЛ,СвЮЛ,СвЗапЕГРЮЛ,@ГРН,Level 3 
757,ЕГРЮЛ,СвЮЛ,СвЗапЕГРЮЛ,@ДатаЗап,Level 3 
758,ЕГРЮЛ,СвЮЛ,СвЗапЕГРЮЛ,ВидЗап,Level 3 
759,ЕГРЮЛ,СвЮЛ,СвЗапЕГРЮЛ,ВидЗап,@КодСПВЗ,Level 4 
760,ЕГРЮЛ,СвЮЛ,СвЗапЕГРЮЛ,ВидЗап,@НаимВидЗап,Level 4 
761,ЕГРЮЛ,СвЮЛ,СвЗапЕГРЮЛ,СвРегОрг,Level 3 
762,ЕГРЮЛ,СвЮЛ,СвЗапЕГРЮЛ,СвРегОрг,@КодНО,Level 4 
763,ЕГРЮЛ,СвЮЛ,СвЗапЕГРЮЛ,СвРегОрг,@НаимНО,Level 4 
764,ЕГРЮЛ,СвЮЛ,СвЗапЕГРЮЛ, List string 32
765,ЕГРЮЛ,СвЮЛ,СвЗапЕГРЮЛ,@ИдЗап,Level 3 
766,ЕГРЮЛ,СвЮЛ,СвЗапЕГРЮЛ,@ГРН,Level 3 
767,ЕГРЮЛ,СвЮЛ,СвЗапЕГРЮЛ,@ДатаЗап,Level 3 
768,ЕГРЮЛ,СвЮЛ,СвЗапЕГРЮЛ,ВидЗап,Level 3 
769,ЕГРЮЛ,СвЮЛ,СвЗапЕГРЮЛ,ВидЗап,@КодСПВЗ,Level 4 
770,ЕГРЮЛ,СвЮЛ,СвЗапЕГРЮЛ,ВидЗап,@НаимВидЗап,Level 4 
771,ЕГРЮЛ,СвЮЛ,СвЗапЕГРЮЛ,СвРегОрг,Level 3 
772,ЕГРЮЛ,СвЮЛ,СвЗапЕГРЮЛ,СвРегОрг,@КодНО,Level 4 
773,ЕГРЮЛ,СвЮЛ,СвЗапЕГРЮЛ,СвРегОрг,@НаимНО,Level 4 
774,ЕГРЮЛ,СвЮЛ,СвЗапЕГРЮЛ, List string 33
775,ЕГРЮЛ,СвЮЛ,СвЗапЕГРЮЛ,@ИдЗап,Level 3 
776,ЕГРЮЛ,СвЮЛ,СвЗапЕГРЮЛ,@ГРН,Level 3 
777,ЕГРЮЛ,СвЮЛ,СвЗапЕГРЮЛ,@ДатаЗап,Level 3 
778,ЕГРЮЛ,СвЮЛ,СвЗапЕГРЮЛ,ВидЗап,Level 3 
779,ЕГРЮЛ,СвЮЛ,СвЗапЕГРЮЛ,ВидЗап,@КодСПВЗ,Level 4 
780,ЕГРЮЛ,СвЮЛ,СвЗапЕГРЮЛ,ВидЗап,@НаимВидЗап,Level 4 
781,ЕГРЮЛ,СвЮЛ,СвЗапЕГРЮЛ,СвРегОрг,Level 3 
782,ЕГРЮЛ,СвЮЛ,СвЗапЕГРЮЛ,СвРегОрг,@КодНО,Level 4 
783,ЕГРЮЛ,СвЮЛ,СвЗапЕГРЮЛ,СвРегОрг,@НаимНО,Level 4 
784,ЕГРЮЛ,СвЮЛ,СвЗапЕГРЮЛ, List string 34
785,ЕГРЮЛ,СвЮЛ,СвЗапЕГРЮЛ,@ИдЗап,Level 3 
786,ЕГРЮЛ,СвЮЛ,СвЗапЕГРЮЛ,@ГРН,Level 3 
787,ЕГРЮЛ,СвЮЛ,СвЗапЕГРЮЛ,@ДатаЗап,Level 3 
788,ЕГРЮЛ,СвЮЛ,СвЗапЕГРЮЛ,ВидЗап,Level 3 
789,ЕГРЮЛ,СвЮЛ,СвЗапЕГРЮЛ,ВидЗап,@КодСПВЗ,Level 4 
790,ЕГРЮЛ,СвЮЛ,СвЗапЕГРЮЛ,ВидЗап,@НаимВидЗап,Level 4 
791,ЕГРЮЛ,СвЮЛ,СвЗапЕГРЮЛ,СвРегОрг,Level 3 
792,ЕГРЮЛ,СвЮЛ,СвЗапЕГРЮЛ,СвРегОрг,@КодНО,Level 4 
793,ЕГРЮЛ,СвЮЛ,СвЗапЕГРЮЛ,СвРегОрг,@НаимНО,Level 4 
794,ЕГРЮЛ,СвЮЛ,СвЗапЕГРЮЛ,СведПредДок,Level 3 
795,ЕГРЮЛ,СвЮЛ,СвЗапЕГРЮЛ,СведПредДок,НаимДок,Level 4 
796,ЕГРЮЛ,СвЮЛ,СвЗапЕГРЮЛ,СведПредДок,ДатаДок,Level 4 
797,ЕГРЮЛ,СвЮЛ,СвЗапЕГРЮЛ, List string 35
798,ЕГРЮЛ,СвЮЛ,СвЗапЕГРЮЛ,@ИдЗап,Level 3 
799,ЕГРЮЛ,СвЮЛ,СвЗапЕГРЮЛ,@ГРН,Level 3 
800,ЕГРЮЛ,СвЮЛ,СвЗапЕГРЮЛ,@ДатаЗап,Level 3 
801,ЕГРЮЛ,СвЮЛ,СвЗапЕГРЮЛ,ВидЗап,Level 3 
802,ЕГРЮЛ,СвЮЛ,СвЗапЕГРЮЛ,ВидЗап,@КодСПВЗ,Level 4 
803,ЕГРЮЛ,СвЮЛ,СвЗапЕГРЮЛ,ВидЗап,@НаимВидЗап,Level 4 
804,ЕГРЮЛ,СвЮЛ,СвЗапЕГРЮЛ,СвРегОрг,Level 3 
805,ЕГРЮЛ,СвЮЛ,СвЗапЕГРЮЛ,СвРегОрг,@КодНО,Level 4 
806,ЕГРЮЛ,СвЮЛ,СвЗапЕГРЮЛ,СвРегОрг,@НаимНО,Level 4 
807,ЕГРЮЛ,СвЮЛ,СвЗапЕГРЮЛ,СведПредДок,Level 3 
808,ЕГРЮЛ,СвЮЛ,СвЗапЕГРЮЛ,СведПредДок, List string 1
809,ЕГРЮЛ,СвЮЛ,СвЗапЕГРЮЛ,СведПредДок,НаимДок,Level 4 
810,ЕГРЮЛ,СвЮЛ,СвЗапЕГРЮЛ,СведПредДок,ДатаДок,Level 4 
811,ЕГРЮЛ,СвЮЛ,СвЗапЕГРЮЛ,СведПредДок, List string 2
812,ЕГРЮЛ,СвЮЛ,СвЗапЕГРЮЛ,СведПредДок,НаимДок,Level 4 
813,ЕГРЮЛ,СвЮЛ,СвЗапЕГРЮЛ,СведПредДок,ДатаДок,Level 4 
814,ЕГРЮЛ,СвЮЛ,СвЗапЕГРЮЛ,СведПредДок, List string 3
815,ЕГРЮЛ,СвЮЛ,СвЗапЕГРЮЛ,СведПредДок,НаимДок,Level 4 
816,ЕГРЮЛ,СвЮЛ,СвЗапЕГРЮЛ,СведПредДок,ДатаДок,Level 4 
817,ЕГРЮЛ,СвЮЛ,СвЗапЕГРЮЛ,СведПредДок, List string 4
818,ЕГРЮЛ,СвЮЛ,СвЗапЕГРЮЛ,СведПредДок,НаимДок,Level 4 
819,ЕГРЮЛ,СвЮЛ,СвЗапЕГРЮЛ,СведПредДок,НомДок,Level 4 
820,ЕГРЮЛ,СвЮЛ,СвЗапЕГРЮЛ,СведПредДок,ДатаДок,Level 4 
821,ЕГРЮЛ,СвЮЛ,СвЗапЕГРЮЛ,СведПредДок, List string 5
822,ЕГРЮЛ,СвЮЛ,СвЗапЕГРЮЛ,СведПредДок,НаимДок,Level 4 
823,ЕГРЮЛ,СвЮЛ,СвЗапЕГРЮЛ,СведПредДок,ДатаДок,Level 4 
824,ЕГРЮЛ,СвЮЛ,СвЗапЕГРЮЛ, List string 36
825,ЕГРЮЛ,СвЮЛ,СвЗапЕГРЮЛ,@ИдЗап,Level 3 
826,ЕГРЮЛ,СвЮЛ,СвЗапЕГРЮЛ,@ГРН,Level 3 
827,ЕГРЮЛ,СвЮЛ,СвЗапЕГРЮЛ,@ДатаЗап,Level 3 
828,ЕГРЮЛ,СвЮЛ,СвЗапЕГРЮЛ,ВидЗап,Level 3 
829,ЕГРЮЛ,СвЮЛ,СвЗапЕГРЮЛ,ВидЗап,@КодСПВЗ,Level 4 
830,ЕГРЮЛ,СвЮЛ,СвЗапЕГРЮЛ,ВидЗап,@НаимВидЗап,Level 4 
831,ЕГРЮЛ,СвЮЛ,СвЗапЕГРЮЛ,СвРегОрг,Level 3 
832,ЕГРЮЛ,СвЮЛ,СвЗапЕГРЮЛ,СвРегОрг,@КодНО,Level 4 
833,ЕГРЮЛ,СвЮЛ,СвЗапЕГРЮЛ,СвРегОрг,@НаимНО,Level 4 
834,ЕГРЮЛ,СвЮЛ,СвЗапЕГРЮЛ,СведПредДок,Level 3 
835,ЕГРЮЛ,СвЮЛ,СвЗапЕГРЮЛ,СведПредДок, List string 1
836,ЕГРЮЛ,СвЮЛ,СвЗапЕГРЮЛ,СведПредДок,НаимДок,Level 4 
837,ЕГРЮЛ,СвЮЛ,СвЗапЕГРЮЛ,СведПредДок,ДатаДок,Level 4 
838,ЕГРЮЛ,СвЮЛ,СвЗапЕГРЮЛ,СведПредДок, List string 2
839,ЕГРЮЛ,СвЮЛ,СвЗапЕГРЮЛ,СведПредДок,НаимДок,Level 4 
840,ЕГРЮЛ,СвЮЛ,СвЗапЕГРЮЛ,СведПредДок,ДатаДок,Level 4 
841,ЕГРЮЛ,СвЮЛ,СвЗапЕГРЮЛ,СведПредДок, List string 3
842,ЕГРЮЛ,СвЮЛ,СвЗапЕГРЮЛ,СведПредДок,НаимДок,Level 4 
843,ЕГРЮЛ,СвЮЛ,СвЗапЕГРЮЛ,СведПредДок,ДатаДок,Level 4 
844,ЕГРЮЛ,СвЮЛ,СвЗапЕГРЮЛ, List string 37
845,ЕГРЮЛ,СвЮЛ,СвЗапЕГРЮЛ,@ИдЗап,Level 3 
846,ЕГРЮЛ,СвЮЛ,СвЗапЕГРЮЛ,@ГРН,Level 3 
847,ЕГРЮЛ,СвЮЛ,СвЗапЕГРЮЛ,@ДатаЗап,Level 3 
848,ЕГРЮЛ,СвЮЛ,СвЗапЕГРЮЛ,ВидЗап,Level 3 
849,ЕГРЮЛ,СвЮЛ,СвЗапЕГРЮЛ,ВидЗап,@КодСПВЗ,Level 4 
850,ЕГРЮЛ,СвЮЛ,СвЗапЕГРЮЛ,ВидЗап,@НаимВидЗап,Level 4 
851,ЕГРЮЛ,СвЮЛ,СвЗапЕГРЮЛ,СвРегОрг,Level 3 
852,ЕГРЮЛ,СвЮЛ,СвЗапЕГРЮЛ,СвРегОрг,@КодНО,Level 4 
853,ЕГРЮЛ,СвЮЛ,СвЗапЕГРЮЛ,СвРегОрг,@НаимНО,Level 4 
854,ЕГРЮЛ,СвЮЛ,СвЗапЕГРЮЛ, List string 38
855,ЕГРЮЛ,СвЮЛ,СвЗапЕГРЮЛ,@ИдЗап,Level 3 
856,ЕГРЮЛ,СвЮЛ,СвЗапЕГРЮЛ,@ГРН,Level 3 
857,ЕГРЮЛ,СвЮЛ,СвЗапЕГРЮЛ,@ДатаЗап,Level 3 
858,ЕГРЮЛ,СвЮЛ,СвЗапЕГРЮЛ,ВидЗап,Level 3 
859,ЕГРЮЛ,СвЮЛ,СвЗапЕГРЮЛ,ВидЗап,@КодСПВЗ,Level 4 
860,ЕГРЮЛ,СвЮЛ,СвЗапЕГРЮЛ,ВидЗап,@НаимВидЗап,Level 4 
861,ЕГРЮЛ,СвЮЛ,СвЗапЕГРЮЛ,СвРегОрг,Level 3 
862,ЕГРЮЛ,СвЮЛ,СвЗапЕГРЮЛ,СвРегОрг,@КодНО,Level 4 
863,ЕГРЮЛ,СвЮЛ,СвЗапЕГРЮЛ,СвРегОрг,@НаимНО,Level 4 
864,ЕГРЮЛ,СвЮЛ,СвЗапЕГРЮЛ,СведПредДок,Level 3 
865,ЕГРЮЛ,СвЮЛ,СвЗапЕГРЮЛ,СведПредДок,НаимДок,Level 4 
866,ЕГРЮЛ,СвЮЛ,СвЗапЕГРЮЛ,СведПредДок,ДатаДок,Level 4 
867,ЕГРЮЛ,СвЮЛ,СвЗапЕГРЮЛ, List string 39
868,ЕГРЮЛ,СвЮЛ,СвЗапЕГРЮЛ,@ИдЗап,Level 3 
869,ЕГРЮЛ,СвЮЛ,СвЗапЕГРЮЛ,@ГРН,Level 3 
870,ЕГРЮЛ,СвЮЛ,СвЗапЕГРЮЛ,@ДатаЗап,Level 3 
871,ЕГРЮЛ,СвЮЛ,СвЗапЕГРЮЛ,ВидЗап,Level 3 
872,ЕГРЮЛ,СвЮЛ,СвЗапЕГРЮЛ,ВидЗап,@КодСПВЗ,Level 4 
873,ЕГРЮЛ,СвЮЛ,СвЗапЕГРЮЛ,ВидЗап,@НаимВидЗап,Level 4 
874,ЕГРЮЛ,СвЮЛ,СвЗапЕГРЮЛ,СвРегОрг,Level 3 
875,ЕГРЮЛ,СвЮЛ,СвЗапЕГРЮЛ,СвРегОрг,@КодНО,Level 4 
876,ЕГРЮЛ,СвЮЛ,СвЗапЕГРЮЛ,СвРегОрг,@НаимНО,Level 4 
877,ЕГРЮЛ,СвЮЛ,СвЗапЕГРЮЛ, List string 40
878,ЕГРЮЛ,СвЮЛ,СвЗапЕГРЮЛ,@ИдЗап,Level 3 
879,ЕГРЮЛ,СвЮЛ,СвЗапЕГРЮЛ,@ГРН,Level 3 
880,ЕГРЮЛ,СвЮЛ,СвЗапЕГРЮЛ,@ДатаЗап,Level 3 
881,ЕГРЮЛ,СвЮЛ,СвЗапЕГРЮЛ,ВидЗап,Level 3 
882,ЕГРЮЛ,СвЮЛ,СвЗапЕГРЮЛ,ВидЗап,@КодСПВЗ,Level 4 
883,ЕГРЮЛ,СвЮЛ,СвЗапЕГРЮЛ,ВидЗап,@НаимВидЗап,Level 4 
884,ЕГРЮЛ,СвЮЛ,СвЗапЕГРЮЛ,СвРегОрг,Level 3 
885,ЕГРЮЛ,СвЮЛ,СвЗапЕГРЮЛ,СвРегОрг,@КодНО,Level 4 
886,ЕГРЮЛ,СвЮЛ,СвЗапЕГРЮЛ,СвРегОрг,@НаимНО,Level 4 
887,ЕГРЮЛ,СвЮЛ,СвЗапЕГРЮЛ, List string 41
888,ЕГРЮЛ,СвЮЛ,СвЗапЕГРЮЛ,@ИдЗап,Level 3 
889,ЕГРЮЛ,СвЮЛ,СвЗапЕГРЮЛ,@ГРН,Level 3 
890,ЕГРЮЛ,СвЮЛ,СвЗапЕГРЮЛ,@ДатаЗап,Level 3 
891,ЕГРЮЛ,СвЮЛ,СвЗапЕГРЮЛ,ВидЗап,Level 3 
892,ЕГРЮЛ,СвЮЛ,СвЗапЕГРЮЛ,ВидЗап,@КодСПВЗ,Level 4 
893,ЕГРЮЛ,СвЮЛ,СвЗапЕГРЮЛ,ВидЗап,@НаимВидЗап,Level 4 
894,ЕГРЮЛ,СвЮЛ,СвЗапЕГРЮЛ,СвРегОрг,Level 3 
895,ЕГРЮЛ,СвЮЛ,СвЗапЕГРЮЛ,СвРегОрг,@КодНО,Level 4 
896,ЕГРЮЛ,СвЮЛ,СвЗапЕГРЮЛ,СвРегОрг,@НаимНО,Level 4 
897,ЕГРЮЛ,СвЮЛ,СвЗапЕГРЮЛ, List string 42
898,ЕГРЮЛ,СвЮЛ,СвЗапЕГРЮЛ,@ИдЗап,Level 3 
899,ЕГРЮЛ,СвЮЛ,СвЗапЕГРЮЛ,@ГРН,Level 3 
900,ЕГРЮЛ,СвЮЛ,СвЗапЕГРЮЛ,@ДатаЗап,Level 3 
901,ЕГРЮЛ,СвЮЛ,СвЗапЕГРЮЛ,ВидЗап,Level 3 
902,ЕГРЮЛ,СвЮЛ,СвЗапЕГРЮЛ,ВидЗап,@КодСПВЗ,Level 4 
903,ЕГРЮЛ,СвЮЛ,СвЗапЕГРЮЛ,ВидЗап,@НаимВидЗап,Level 4 
904,ЕГРЮЛ,СвЮЛ,СвЗапЕГРЮЛ,СвРегОрг,Level 3 
905,ЕГРЮЛ,СвЮЛ,СвЗапЕГРЮЛ,СвРегОрг,@КодНО,Level 4 
906,ЕГРЮЛ,СвЮЛ,СвЗапЕГРЮЛ,СвРегОрг,@НаимНО,Level 4 
907,ЕГРЮЛ,СвЮЛ,СвЗапЕГРЮЛ, List string 43
908,ЕГРЮЛ,СвЮЛ,СвЗапЕГРЮЛ,@ИдЗап,Level 3 
909,ЕГРЮЛ,СвЮЛ,СвЗапЕГРЮЛ,@ГРН,Level 3 
910,ЕГРЮЛ,СвЮЛ,СвЗапЕГРЮЛ,@ДатаЗап,Level 3 
911,ЕГРЮЛ,СвЮЛ,СвЗапЕГРЮЛ,ВидЗап,Level 3 
912,ЕГРЮЛ,СвЮЛ,СвЗапЕГРЮЛ,ВидЗап,@КодСПВЗ,Level 4 
913,ЕГРЮЛ,СвЮЛ,СвЗапЕГРЮЛ,ВидЗап,@НаимВидЗап,Level 4 
914,ЕГРЮЛ,СвЮЛ,СвЗапЕГРЮЛ,СвРегОрг,Level 3 
915,ЕГРЮЛ,СвЮЛ,СвЗапЕГРЮЛ,СвРегОрг,@КодНО,Level 4 
916,ЕГРЮЛ,СвЮЛ,СвЗапЕГРЮЛ,СвРегОрг,@НаимНО,Level 4 
917,ЕГРЮЛ,СвЮЛ,СвЗапЕГРЮЛ,СведПредДок,Level 3 
918,ЕГРЮЛ,СвЮЛ,СвЗапЕГРЮЛ,СведПредДок,НаимДок,Level 4 
919,ЕГРЮЛ,СвЮЛ,СвЗапЕГРЮЛ,СведПредДок,ДатаДок,Level 4 
920,ЕГРЮЛ,СвЮЛ,СвЗапЕГРЮЛ, List string 44
921,ЕГРЮЛ,СвЮЛ,СвЗапЕГРЮЛ,@ИдЗап,Level 3 
922,ЕГРЮЛ,СвЮЛ,СвЗапЕГРЮЛ,@ГРН,Level 3 
923,ЕГРЮЛ,СвЮЛ,СвЗапЕГРЮЛ,@ДатаЗап,Level 3 
924,ЕГРЮЛ,СвЮЛ,СвЗапЕГРЮЛ,ВидЗап,Level 3 
925,ЕГРЮЛ,СвЮЛ,СвЗапЕГРЮЛ,ВидЗап,@КодСПВЗ,Level 4 
926,ЕГРЮЛ,СвЮЛ,СвЗапЕГРЮЛ,ВидЗап,@НаимВидЗап,Level 4 
927,ЕГРЮЛ,СвЮЛ,СвЗапЕГРЮЛ,СвРегОрг,Level 3 
928,ЕГРЮЛ,СвЮЛ,СвЗапЕГРЮЛ,СвРегОрг,@КодНО,Level 4 
929,ЕГРЮЛ,СвЮЛ,СвЗапЕГРЮЛ,СвРегОрг,@НаимНО,Level 4 
930,ЕГРЮЛ,СвЮЛ,СвЗапЕГРЮЛ,СведПредДок,Level 3 
931,ЕГРЮЛ,СвЮЛ,СвЗапЕГРЮЛ,СведПредДок,НаимДок,Level 4 
932,ЕГРЮЛ,СвЮЛ,СвЗапЕГРЮЛ,СведПредДок,ДатаДок,Level 4 
933,ЕГРЮЛ,СвЮЛ,СвЗапЕГРЮЛ, List string 45
934,ЕГРЮЛ,СвЮЛ,СвЗапЕГРЮЛ,@ИдЗап,Level 3 
935,ЕГРЮЛ,СвЮЛ,СвЗапЕГРЮЛ,@ГРН,Level 3 
936,ЕГРЮЛ,СвЮЛ,СвЗапЕГРЮЛ,@ДатаЗап,Level 3 
937,ЕГРЮЛ,СвЮЛ,СвЗапЕГРЮЛ,ВидЗап,Level 3 
938,ЕГРЮЛ,СвЮЛ,СвЗапЕГРЮЛ,ВидЗап,@КодСПВЗ,Level 4 
939,ЕГРЮЛ,СвЮЛ,СвЗапЕГРЮЛ,ВидЗап,@НаимВидЗап,Level 4 
940,ЕГРЮЛ,СвЮЛ,СвЗапЕГРЮЛ,СвРегОрг,Level 3 
941,ЕГРЮЛ,СвЮЛ,СвЗапЕГРЮЛ,СвРегОрг,@КодНО,Level 4 
942,ЕГРЮЛ,СвЮЛ,СвЗапЕГРЮЛ,СвРегОрг,@НаимНО,Level 4 
943,ЕГРЮЛ,СвЮЛ,СвЗапЕГРЮЛ,СведПредДок,Level 3 
944,ЕГРЮЛ,СвЮЛ,СвЗапЕГРЮЛ,СведПредДок,НаимДок,Level 4 
945,ЕГРЮЛ,СвЮЛ,СвЗапЕГРЮЛ,СведПредДок,ДатаДок,Level 4 
946,ЕГРЮЛ,СвЮЛ,СвЗапЕГРЮЛ, List string 46
947,ЕГРЮЛ,СвЮЛ,СвЗапЕГРЮЛ,@ИдЗап,Level 3 
948,ЕГРЮЛ,СвЮЛ,СвЗапЕГРЮЛ,@ГРН,Level 3 
949,ЕГРЮЛ,СвЮЛ,СвЗапЕГРЮЛ,@ДатаЗап,Level 3 
950,ЕГРЮЛ,СвЮЛ,СвЗапЕГРЮЛ,ВидЗап,Level 3 
951,ЕГРЮЛ,СвЮЛ,СвЗапЕГРЮЛ,ВидЗап,@КодСПВЗ,Level 4 
952,ЕГРЮЛ,СвЮЛ,СвЗапЕГРЮЛ,ВидЗап,@НаимВидЗап,Level 4 
953,ЕГРЮЛ,СвЮЛ,СвЗапЕГРЮЛ,СвРегОрг,Level 3 
954,ЕГРЮЛ,СвЮЛ,СвЗапЕГРЮЛ,СвРегОрг,@КодНО,Level 4 
955,ЕГРЮЛ,СвЮЛ,СвЗапЕГРЮЛ,СвРегОрг,@НаимНО,Level 4 
956,ЕГРЮЛ,СвЮЛ,СвЗапЕГРЮЛ,СведПредДок,Level 3 
957,ЕГРЮЛ,СвЮЛ,СвЗапЕГРЮЛ,СведПредДок, List string 1
958,ЕГРЮЛ,СвЮЛ,СвЗапЕГРЮЛ,СведПредДок,НаимДок,Level 4 
959,ЕГРЮЛ,СвЮЛ,СвЗапЕГРЮЛ,СведПредДок, List string 2
960,ЕГРЮЛ,СвЮЛ,СвЗапЕГРЮЛ,СведПредДок,НаимДок,Level 4 
961,ЕГРЮЛ,СвЮЛ,СвЗапЕГРЮЛ,СведПредДок, List string 3
962,ЕГРЮЛ,СвЮЛ,СвЗапЕГРЮЛ,СведПредДок,НаимДок,Level 4 
963,ЕГРЮЛ,СвЮЛ,СвЗапЕГРЮЛ,СведПредДок, List string 4
964,ЕГРЮЛ,СвЮЛ,СвЗапЕГРЮЛ,СведПредДок,НаимДок,Level 4 
965,ЕГРЮЛ,СвЮЛ,СвЗапЕГРЮЛ, List string 47
966,ЕГРЮЛ,СвЮЛ,СвЗапЕГРЮЛ,@ИдЗап,Level 3 
967,ЕГРЮЛ,СвЮЛ,СвЗапЕГРЮЛ,@ГРН,Level 3 
968,ЕГРЮЛ,СвЮЛ,СвЗапЕГРЮЛ,@ДатаЗап,Level 3 
969,ЕГРЮЛ,СвЮЛ,СвЗапЕГРЮЛ,ВидЗап,Level 3 
970,ЕГРЮЛ,СвЮЛ,СвЗапЕГРЮЛ,ВидЗап,@КодСПВЗ,Level 4 
971,ЕГРЮЛ,СвЮЛ,СвЗапЕГРЮЛ,ВидЗап,@НаимВидЗап,Level 4 
972,ЕГРЮЛ,СвЮЛ,СвЗапЕГРЮЛ,СвРегОрг,Level 3 
973,ЕГРЮЛ,СвЮЛ,СвЗапЕГРЮЛ,СвРегОрг,@КодНО,Level 4 
974,ЕГРЮЛ,СвЮЛ,СвЗапЕГРЮЛ,СвРегОрг,@НаимНО,Level 4 
975,
